id,letter_category,register,language,title,content
REQ001,request,formal,si,නිවාඩු ඉල්ලීමේ ලිපිය,"[දිනය]
කළමනාකරු මහතා,
[ආයතනයේ නම]
ගරු මහත්මයාණෙනි,

මාතෘකාව: වාර්ෂික නිවාඩු ඉල්ලීම - [දිනය] සිට [දිනය] දක්වා

ඉහත කරුණ සම්බන්ධයෙන් ඔබතුමාගේ අවධානය යොමු කරමි.

මාගේ පවුලේ වැදගත් කටයුත්තක් වෙනුවෙන් [දිනය] වන දින සිට [දිනය] වන දින දක්වා (දින 6ක්) වාර්ෂික නිවාඩු ලබා දෙන මෙන් කාරුණිකව ඉල්ලා සිටිමි.

මාගේ රාජකාරී කටයුතු අවසන් කර, අදාළ වගකීම් සේවක [නම] මහතාට භාර දී ඇති බව දන්වා සිටිමි.

ඔබතුමාගේ කාරුණික සැලකිල්ල අපේක්ෂා කරමි.

ගෞරවයෙන්,

[නම]
[දුරකථන අංකය]"
REQ002,request,formal,si,මාරු ඉල්ලීමේ ලිපිය,"[දිනය]

අධ්‍යක්ෂ මහතා,
[ආයතනයේ නම].

ගරු මහත්මයාණෙනි,

මාතෘකාව: ශාඛා මාරුවීම් ඉල්ලීම

ඉහත කරුණ සම්බන්ධයෙන් ඔබතුමාගේ අවධානය යොමු කරමි.

මම දැනට කොළඹ ප්‍රධාන ශාඛාවේ සේවය කරන අතර, මාගේ පවුලේ සෞඛ්‍ය හේතූන් මත ගම්පහ ශාඛාවට මාරු වීමට කාරුණිකව ඉල්ලා සිටිමි.

මාගේ මව වයෝවෘද්ධ තත්වයේ සිටින අතර, ඇගේ සෞඛ්‍ය තත්වය නිසා මට ආසන්නව සිටීම අවශ්‍ය වී ඇත. ගම්පහ ශාඛාවට මාරු වීමෙන් මට රාජකාරී කටයුතු සමඟ පවුල් වගකීම් ද ඉටු කිරීමට හැකි වනු ඇත.

මෙම ඉල්ලීම සලකා බලා, හැකි ඉක්මනින් මාරුව සිදු කරනු ඇතැයි බලාපොරොත්තු වෙමි.

ගෞරවයෙන්,

[නම]
සහකාර කළමනාකරු
[සේවක අංකය]"
CMP001,complaint,formal,si,සේවා ප්‍රමාදය පිළිබඳ පැමිණිල්ල,"[දිනය]

කළමනාකරු මහතා,
[ආයතනයේ නම].

ගරු මහත්මයාණෙනි,

මාතෘකාව: අන්තර්ජාල සේවා ප්‍රමාදය පිළිබඳ පැමිණිල්ල - ගිණුම් අංක: [අංකය]

[දිනය] වන දින සිට මාගේ නිවසේ අන්තර්ජාල සේවාව ක්‍රියා විරහිත වී ඇති බව කනගාටුවෙන් දන්වා සිටිමි.

මම ඔබේ පාරිභෝගික සේවා අංකයට කිහිප වතාවක් ඇමතුම් ගත් නමුත්, තවමත් කිසිදු තාක්ෂණික නිලධාරියෙක් පැමිණ නොමැත. මෙය දැනටමත් සතියක් පමණ වී ඇති අතර, මාගේ වැඩ කටයුතු සඳහා අන්තර්ජාලය අත්‍යවශ්‍ය වේ.

එබැවින්, කඩිනමින් සේවාව යථා තත්වයට පත් කරන මෙන් සහ මෙම ප්‍රමාදය සඳහා සුදුසු වන්දියක් ලබා දෙන මෙන් ඉල්ලා සිටිමි.

ගෞරවයෙන්,

[නම]
[ලිපිනය]
[දුරකථන අංකය]"
APP001,application,formal,si,රැකියා අයදුම්පත,"[දිනය]

මානව සම්පත් කළමනාකරු,
[ආයතනයේ නම].

ගරු මහත්මයාණෙනි,

මාතෘකාව: මෘදුකාංග ඉංජිනේරු තනතුර සඳහා අයදුම්පත

ඔබේ සමාගමේ වෙබ් අඩවියේ ප්‍රකාශිත මෘදුකාංග ඉංජිනේරු තනතුර සඳහා අයදුම් කරන බව කාරුණිකව දන්වා සිටිමි.

මම [විශ්වවිද්‍යාලය] විශ්වවිද්‍යාලයෙන් පරිගණක විද්‍යාව පිළිබඳ උපාධිය ලබා ඇති අතර, Python, Java සහ JavaScript භාෂාවන්හි වසර 3ක පළපුරුද්දක් ඇත. මීට අමතරව, AWS සහ Docker තාක්ෂණයන් පිළිබඳව ද දැනුමක් ලබා ඇත.

මීට පෙර, [ආයතනයේ නම] මෘදුකාංග සංවර්ධක ලෙස වසර 2ක් සේවය කළ අතර, එහිදී කණ්ඩායම් ව්‍යාපෘති කිහිපයක් සාර්ථකව නිම කළෙමි.

මාගේ සම්පූර්ණ ජීව දත්ත පත්‍රිකාව සහ අදාළ සහතික පිටපත් මේ සමඟ අමුණා ඇත.

ඔබතුමාගේ කාරුණික සැලකිල්ල අපේක්ෂා කරමි.

ගෞරවයෙන්,

[නම]
[ලිපිනය]
[දුරකථන අංකය]"
INV001,invitation,formal,si,උත්සව ආරාධනා ලිපිය,"[දිනය]

ගරු සාමාජිකයෙනි,

මාතෘකාව: වාර්ෂික සම්මේලනය සඳහා ආරාධනා

ඔබතුමාව අපගේ 2026 වාර්ෂික සම්මේලනය සඳහා ආදරයෙන් ආරාධනා කරමි.

උත්සව විස්තර:
දිනය: [දිනය]
වේලාව: [වේලාව]
ස්ථානය: [ස්ථානය]
සැන්දෑ භෝජන:[වේලාව]

මෙම වසරේ මාතෘකාව 'නව යුගයක ආරම්භය' වන අතර, කර්මාන්තයේ ප්‍රමුඛ පෙළේ කථිකයන් සහභාගී වේ.

ඔබගේ සහභාගිත්වය තහවුරු කිරීම සඳහා [දිනය] දිනට පෙර අප හා සම්බන්ධ වන මෙන් කාරුණිකව ඉල්ලා සිටිමි.

ගෞරවයෙන්,

සංවිධායක
[ආයතනයේ නම]
[දුරකථන අංකය]"
APO001,apology,formal,si,ප්‍රමාද ක්ෂමා ඉල්ලීම,"[දිනය]

කළමනාකරු මහතා,
[ආයතනයේ නම].

ගරු මහත්මයාණෙනි,

මාතෘකාව: [දිනය] වන දින ප්‍රමාදය සම්බන්ධයෙන් ක්ෂමාව

[දිනය] වන දින මා රාජකාරියට පැමිණීමේ ප්‍රමාදය සම්බන්ධයෙන් කාරුණිකව ක්ෂමාව අයැද සිටිමි.

එදින මාර්ග තදබදයක් හේතුවෙන් මට නියමිත වේලාවට කාර්යාලයට පැමිණීමට නොහැකි විය. මෙවැනි තත්වයක් නැවත සිදු නොවන පරිදි, මින් ඉදිරියට කල්තියා නිවසින් පිටත්ව එන බවට පොරොන්දු වෙමි.

මෙම තත්වය අවබෝධ කර ගනු ඇතැයි බලාපොරොත්තු වෙමි.

ගෞරවයෙන්,

සේවක නම
සේවක අංකය:"
INV002,invitation,formal,si,වාර්ෂික ත්‍යාග ප්‍රදානෝත්සවය සඳහා ප්‍රධාන ආරාධිත අමුත්තා වශයෙන් සහභාගී වීමට ඇරයුම් කිරීම.,"[දිනය]

කලාප අධ්‍යාපන අධ්‍යක්ෂක තුමා,
කලාප අධ්‍යාපන කාර්යාලය,
[ලිපිනය].

ගරු මහත්මයාණෙනි,

මාතෘකාව: වාර්ෂික ත්‍යාග ප්‍රදානෝත්සවය සඳහා ප්‍රධාන ආරාධිත අමුත්තා වශයෙන් සහභාගී වීමට ඇරයුම් කිරීම.

[ආයතනයේ නම] මගින් සංවිධානය කරනු ලබන, පසුගිය වසර තුල  දක්ෂතා දැක්වූ සිසු දරු දැරියන් ඇගයීමේ වාර්ෂික ත්‍යාග ප්‍රදානෝත්සවය [දිනය] දින පෙවරු [වේලාව] ට [ස්ථානය] ශාලාවේදී පැවැත්වීමට කටයුතු සූදානම් කර ඇති අතර, මෙම උත්සවය සඳහා ඔබතුමාගේ සහභාගීත්වය  ගෞරවයෙන් අපේක්ෂා කරමු.

අධ්‍යාපනික මෙන්ම විෂය බාහිර ක්‍රියාකාරකම්වලින්ද විශිෂ්ට දක්ෂතා දැක්වූ ශිෂ්‍ය ශිෂ්‍යාවන් දිරිමත් කිරීම මෙහි ප්‍රධාන අරමුණයි. අප අධ්‍යාපන කලාපයේ ජ්‍යෙෂ්ඨ නිලධාරියෙකු වශයෙන්, ඔබතුමා මෙම අවස්ථාවට සහභාගී වීම අප පාසලේ දරු දැරියන්ට මෙන්ම ගුරු මණ්ඩලයට ද මහඟු ශක්තියක් සහ ආදර්ශයක් වනු නොඅනුමානය.

එබැවින්, එදින ප්‍රධාන ආරාධිත අමුත්තා වශයෙන් සහභාගී වී ජයග්‍රාහී සිසුන්ට ත්‍යාග සහ සහතික පිරිනැමීමට කාරුණික වන මෙන් ගෞරවයෙන් ආරාධනා කර  සිටිමු.  ඔබතුමාගේ පැමිණීම [දිනය] දිනට පෙර ස්ථිර කරන මෙන්  කාරුණිකව ඉල්ලා සිටිමු.

ඔබගේ සුබවාදී ප්‍රතිචාරය සහ පැමිණීම අප බෙහෙවින් අගය කොට සලකමු.

ස්තූතියි.

ගෞරවයෙන්,

ප්‍රධාන ගුරුතුමා/විදුහල්පති,
[ආයතනයේ නම]."
INV003,invitation,formal,si,ග්‍රාමීය සංවර්ධනය සහ යටිතල පහසුකම් පිළිබඳ සාකච්ඡා කෙරෙන විශේෂ රැස්වීම සඳහා සහභාගී වීමට ඇරයුම් කිරීම.,"[දිනය]

ප්‍රාදේශීය ලේකම් තුමා,
ප්‍රාදේශීය ලේකම් කාර්යාලය,
[ලිපිනය].

ගරු මහත්මයාණෙනි,

මාතෘකාව: ග්‍රාමීය සංවර්ධනය සහ යටිතල පහසුකම් පිළිබඳ සාකච්ඡා කෙරෙන විශේෂ රැස්වීම සඳහා සහභාගී වීමට ඇරයුම් කිරීම.

[ආයතනයේ නම] මගින් සංවිධානය කරනු ලබන වාර්ෂික ප්‍රජා සංවර්ධන මහා සභා රැස්වීම [දිනය] දින පෙවරු [වේලාව] ට [ස්ථානය] ශාලාවේදී පැවැත්වීමට කටයුතු යොදා ඇත. ප්‍රදේශයේ පවතින පොදු ගැටලු සහ ඉදිරි සංවර්ධන සැලසුම් පිළිබඳව ප්‍රදේශවාසීන් දැනුවත් කිරීම සහ තීරණ ගැනීම මෙම රැස්වීමේ ප්‍රධාන අරමුණ වේ. 
  
ග්‍රාමීය මට්ටමින් ක්‍රියාත්මක වන සංවර්ධන ව්‍යාපෘති සඳහා රාජ්‍ය අංශයේ සෘජු දායකත්වය සහ මගපෙන්වීම අත්‍යවශ්‍ය වන බැවින්, මෙම අවස්ථාවට ප්‍රදේශයේ ප්‍රධාන පරිපාලන නිලධාරියා වශයෙන් ඔබතුමාගේ සහභාගීත්වය අප බෙහෙවින් අගය කොට සලකමු. ඔබතුමාගේ වටිනා අදහස් සහ උපදෙස් ගම්වාසීන්ගේ පොදු සුභසිද්ධිය උදෙසා මහත් පිටුවහලක් වනු නොඅනුමානය.

එබැවින්, කාර්යබහුල රාජකාරි මධ්‍යයේ වුවද එදින මෙම විශේෂ රැස්වීමට සහභාගී වන ලෙස කාරුණිකව ඉල්ලා සිටිමු.

ඔබගේ සුබවාදී ප්‍රතිචාරය අප බෙහෙවින් අගය කොට සලකමු.

ස්තූතියි.

මෙයට විශ්වාසී,

සභාපති තුමා,
ග්‍රාම සංවර්ධන සමිතිය,
[ස්ථානය]."
INV004,invitation,formal,si,වාර්ෂික සංඝගත දානමය පින්කමේ මුලසුන හෙබවීම සඳහා ආරාධනා කිරීම,"[දිනය]

ගරු නායක ස්වාමීන් වහන්සේ,
[ආයතනය/පිරිවෙන],
[ලිපිනය].

ගරුතර ස්වාමීන් වහන්ස,

මාතෘකාව: වාර්ෂික සංඝගත දානමය පින්කමේ මුලසුන හෙබවීම සඳහා ආරාධනා කිරීම.

[ආයතනයේ නම] විහාරස්ථ දායක සභාව සහ ගම්වාසීන් විසින් සංවිධානය කරනු ලබන වාර්ෂික පුණ්‍ය මහෝත්සවයට සමගාමීව පැවැත්වෙන මහා සංඝගත දානමය පින්කම [දිනය] දින පස්වරු [වේලාව] ට [ස්ථානය] විහාරස්ථානයේදී පැවැත්වීමට කටයුතු සම්පාදනය කර ඇත. මෙම උදාර පින්කමෙහි මුලසුන හෙබවීම සඳහා ඔබ වහන්සේට ඉතා ගෞරවයෙන් ආරාධනා කර සිටිමු.

ගම්වාසීන්ගේ සහ විහාරස්ථ දායක කාරකාදීන්ගේ ආධ්‍යාත්මික සුවය උදෙසාත්, මියගිය ඥාතීන්ට පින් අනුමෝදන් කිරීම උදෙසාත් පවත්වනු ලබන මෙම පින්කමෙහිදී, අනුශාසනාවක් පවත්වා පින්කම මෙහෙයවන ලෙස ඔබ වහන්සේගෙන් කාරුණිකව ඉල්ලා සිටිමු. ඔබ වහන්සේ වැනි වියත් ධර්මධර මහා සංඝරත්නයකගේ වැඩමවීම අප විහාරස්ථානයට මෙන්ම මුළු මහත් ප්‍රදේශයටම මහත් ආශිර්වාදයක් වනු  ඇත.

එබැවින්, නියමිත දින සහ වේලාවට [ස්ථානය] විහාරස්ථානය වෙත වැඩම කර අප කෙරෙහි අනුකම්පාවෙන් මෙම පින්කම සාර්ථක කර දෙන ලෙස ශාසනාලැදියෙන් යුතුව ආරාධනා කර සිටිමු. වැඩමවීම පිළිබඳ ස්ථිර පණිවුඩය [දිනය] දිනට පෙර දායක සභාව වෙත දන්වා එවන්නේ නම් එය අපගේ කටයුතු සම්පාදනය කර ගැනීමට මහත් පහසුවක් වනු ඇත.

ඔබ වහන්සේට නිදුක් නිරෝගී සුවය ප්‍රාර්ථනා  කර සිටිමු .

තෙරුවන් සරණයි.

මෙයට, ශාසනාලැදි,

සභාපති තුමා / ලේකම් තුමා,
විහාරස්ථ දායක සභාව,
[ස්ථානය]."
THN001,thank-you,formal,si,වාර්ෂික උත්සවයේ ආරාධිත දේශකයා ලෙස සහභාගී වීම සම්බන්ධයෙන් ස්තූතිය පිරිනැමීම.,"[දිනය]

[ලබන්නාගේ තනතුර],
[ආයතනය/පිරිවෙන],
[ලිපිනය].

ගරු මහත්මයාණෙනි,

මාතෘකාව: වාර්ෂික උත්සවයේ ආරාධිත දේශකයා ලෙස සහභාගී වීම සම්බන්ධයෙන් ස්තූතිය පිරිනැමීම.

[ආයතනයේ නම] මගින් සංවිධානය කරන ලද වාර්ෂික මහා සභා රැස්වීම සහ ප්‍රජා සත්කාරක වැඩසටහන [දිනය] දින [ස්ථානය] ශාලාවේදී අති සාර්ථක අන්දමින්  පවත්වනු ලැබූ අතර, එම සුවිශේෂී අවස්ථාවට අපගේ ආරාධනය පිළිගෙන ප්‍රධාන ආරාධිත දේශකයා වශයෙන් සහභාගී වීම පිළිබඳව [ආයතනයේ නම] වෙනුවෙන් ඔබතුමා වෙත අපගේ හෘදයාංගම ස්තූතිය මෙයින් පුද කර සිටිමු.

එදින ඔබතුමා විසින් පවත්වන ලද [විෂය පථය] පිළිබඳ දේශනය ඉතා කාලෝචිත මෙන්ම අතිශය වැදගත් කරුණු රාශියකින් සමන්විත විය. ඔබතුමා සතු ගැඹුරු දැනුම සහ පළපුරුද්ද ඇසුරෙන් ඉදිරිපත් කළ අදහස්, එදින එම ස්ථානයට රැස්ව සිටි සියලු දෙනාගේ පැසැසුමට ලක් වූ අතර, ඔවුන්ගේ ඉදිරි කටයුතු වඩාත් විධිමත් කර ගැනීමටත් මහඟු පිටුවහලක් වූ බව සියලු දෙනාගේ අදහස විය.

ඔබ වැනි කාර්යබහුල විද්වතෙකු අපගේ ආරාධනයට ගරු කරමින්, ලබා දුන් ඒ විශිෂ්ට දායකත්වය අප ඉතා ඉහළින් අගය කොට සලකන අතර, මෙම දේශනය අප සංගමයේ ඉතිහාසයේ සුවිශේෂී සන්ධිස්ථානයක් ලෙස සටහන් වන බව ද ප්‍රකාශ කිරීමට කැමැත්තෙමු.

ඉදිරියටත් ඔබතුමාගේ මෙවැනිම සහයෝගය සහ මගපෙන්වීම අප සංගමය වෙත ලැබෙනු ඇතැයි අපි මහත් සේ බලාපොරොත්තු වෙමු. ඔබතුමාගේ සියලු කටයුතු සර්වප්‍රකාරයෙන්ම සාර්ථක වේවායි අපි ප්‍රාර්ථනා කරමු.

ස්තූතියි.

ගෞරවයෙන්,

සභාපති තුමා,
[ආයතනයේ නම]."
ANN001,notification,formal,si,ලබන මස සිට ක්‍රියාත්මක වන පරිදි කාර්යාලයීය සේවා කාලය සංශෝධනය කිරීම පිළිබඳ දැනුම්දීම.,"[දිනය]

සියලුම සේවක මහත්ම මහත්මීන් වෙත,
[ආයතනයේ නම],
[ලිපිනය].

හිතවත් මහත්ම මහත්මියනි,

මාතෘකාව: ලබන මස සිට ක්‍රියාත්මක වන පරිදි කාර්යාලයීය සේවා කාලය සංශෝධනය කිරීම පිළිබඳ දැනුම්දීම.

[ආයතනයේ නම] මගින් ක්‍රියාත්මක කරනු ලබන ව්‍යාපෘතිවල කාර්යක්ෂමතාව ඉහළ නැංවීම සහ සේවකයින්ගේ පහසුව සැලකිල්ලට ගනිමින්, එළඹෙන [දිනය] දින සිට ක්‍රියාත්මක වන පරිදි කාර්යාලීය සේවා කාලය වෙනස් කිරීමට කළමනාකාරීත්වය විසින් තීරණය කර ඇත. මෙම තීරණය ආයතනයේ සියලුම අංශ සහ ශාඛා සඳහා පොදුව අදාළ වේ.

ඒ අනුව, නව සේවා කාල සීමාවන් පහත පරිදි වනු ඇත:

කාර්යාලය විවෘත කරන වේලාව: පෙවරු [වේලාව]

කාර්යාලය වසා තබන වේලාව: පස්වරු [වේලාව]

දිවා ආහාර විවේකය: පස්වරු [වේලාව] සිට [වේලාව] දක්වා

මෙම සංශෝධිත කාලසටහනට අනුව ඔබගේ දෛනික රාජකාරී කටයුතු සැලසුම් කර ගන්නා ලෙසත්, නියමිත වේලාවට සේවයට වාර්තා කර ආයතනික විනය පවත්වා ගැනීමට සහය වන ලෙසත් කාරුණිකව දන්වා සිටිමු. යම් හෙයකින් මෙම වෙනස හේතුවෙන් ඔබගේ රාජකාරී කටයුතුවලට බාධාවක් පවතී නම්, ඒ පිළිබඳව ඔබගේ අංශ ප්‍රධානියා දැනුවත් කිරීමට කටයුතු කරන ලෙස ද දන්වා සිටිමු.

මෙම නව ක්‍රියාවලිය සාර්ථක කර ගැනීම සඳහා ඔබ සැමගෙන් ලැබෙන සහයෝගය කළමනාකාරීත්වය ලෙස ඉතා අගය කොට සලකමු. මේ පිළිබඳව කිසියම් පැහැදිලි කිරීමක් අවශ්‍ය වන්නේ නම් මානව සම්පත් අංශය හා සම්බන්ධ වන්න.

ස්තූතියි.

විශ්වාසී,

කළමනාකරු මහතා,
[ආයතනයේ නම]."
STRUCT005,apology,formal,si,සමාව ඉල්ලීමේ ලිපි ආකෘතිය,"[දිනය]

[ලබන්නාගේ තනතුර],
[ආයතනයේ නම],
[ලිපිනය].

ගරු මහත්මයාණෙනි,

මාතෘකාව: [සිදුවීම/අතපසුවීම] පිළිබඳව නිල වශයෙන් සමාව අයැදීම.

[දිනය] දින සිදු වූ [සිදුවීම/හේතුව] සම්බන්ධයෙන් [ආයතනය/පාර්ශවය] වෙත සිදු වූ අපහසුතාවය පිළිබඳව අපගේ කණගාටුව ප්‍රකාශ කර සිටිමු. මෙම ප්‍රමාදය/අතපසුවීම සිදු වූයේ [හේතුව/තත්ත්වය] නිසා බවත්, එය කිසිසේත්ම චේතනාන්විතව සිදු වූවක් නොවන බවත් කරුණාවෙන් දන්වා සිටිමු .

මෙම තත්ත්වය හේතුවෙන් ඔබතුමාට/ඔබ ආයතනයට සිදු වූ අපහසුතාවය පිළිබඳව අප නැවත වරක් කණගාටු වන අතර, මෙවැනි දෙයක් නැවත සිදු නොවීමට වගබලා ගැනීම සඳහා [පොරොන්දු වන නිවැරදි කිරීමේ පියවර] දැනටමත් ක්‍රියාත්මක කර ඇත. ආයතනයක් ලෙස අප සැමවිටම උසස් ප්‍රමිතියක් පවත්වා ගැනීමට කැපවී සිටින අතර, මෙම සිදුවීම අපගේ සේවාවේ ගුණාත්මකභාවය පිළිබඳව නැවත සලකා බැලීමට අවස්ථාවක් කර ගනිමු.

එමෙන්ම දිරියටත් ඔබතුමා සමඟ වඩාත් විනිවිදභාවයකින් සහ වගකීමකින් යුතුව කටයුතු කිරීමට අප බලාපොරොත්තු වෙමු.

ස්තූතියි.

ගෞරවයෙන්,

[තනතුර/වගකිවයුතු නිලධාරියා],
[ආයතනයේ නම]."
APO002,apology,formal,si,භාණ්ඩ සැපයීමේදී සිදු වූ ප්‍රමාදය පිළිබඳව කණගාටුව ප්‍රකාශ කිරීම සහ නිල වශයෙන් සමාව අයැදීම.,"[දිනය]

[තනතුර],
[ආයතනයේ නම],
[ලිපිනය].

ගරු මහත්මයාණෙනි,

මාතෘකාව: භාණ්ඩ සැපයීමේදී සිදු වූ ප්‍රමාදය පිළිබඳව කණගාටුව ප්‍රකාශ කිරීම සහ නිල වශයෙන් සමාව අයැදීම.

අප ආයතනය විසින් ඔබ වෙත ලබා දෙන ලද [ඇණවුම් අංකය] දරන භාණ්ඩ තොගය නියමිත දිනට ලබා දීමට නොහැකි වීම සම්බන්ධයෙන් සහ මෙම ප්‍රමාදය හේතුවෙන් ඔබගේ ව්‍යාපාරික කටයුතු සඳහා සිදු වූ අපහසුතාවය අපගේ බලවත් කණගාටුව ප්‍රකාශ කර සිටිමු.

මෙම ප්‍රමාදය සිදු වීමට මූලික හේතුව වූයේ [හේතුව - උදා: ප්‍රවාහන අංශයේ ඇති වූ හදිසි කාර්මික දෝෂයක් / සැපයුම් දාමයේ ඇති වූ බාධාවක්] බව කාරුණිකව දන්වා සිටිමු. අප ආයතනය සැමවිටම නියමිත වේලාවට සේවාවන් සැපයීමට බැඳී සිටින නමුත්, මෙම අනපේක්ෂිත තත්ත්වය හේතුවෙන් අපගේ සේවා ප්‍රමිතිය පවත්වා ගැනීමට බාධා එල්ල විය.

කෙසේ වුවද, මෙම තත්ත්වය නිවැරදි කිරීම සඳහා අප දැනටමත් අවශ්‍ය පියවර ගෙන ඇති අතර, අදාළ භාණ්ඩ තොගය [දිනය] දිනට පෙර ඔබ වෙත ලැබීමට සලස්වන බවට සහතික වෙමු. තවද, මෙවැනි ප්‍රමාදයන් අනාගතයේදී සිදු නොවීමට වගබලා ගැනීම සඳහා අපගේ බෙදාහැරීමේ ක්‍රියාවලිය වඩාත් විධිමත් කිරීමට ද පියවර ගෙන ඇත.

අප කෙරෙහි ඔබ තබා ඇති විශ්වාසය පිළිබඳව ස්තූතිවන්ත වන අතර, මෙම සිදුවීම පිළිබඳව ඔබගේ කාරුණික අවබෝධය සහ ඉවසීම අප බෙහෙවින් අගය කරමු.

ස්තූතියි.

මෙයට විශ්වාසී,

කළමනාකරු,
[ආයතනයේ නම]."
REQ003,request,formal,si,පවතින ආර්ථික දුෂ්කරතා හේතුවෙන් මූල්‍ය ආධාර හෝ ශිෂ්‍යත්වයක් ලබා ගැනීම සඳහා ඉල්ලීම.,"ලේඛකාධිකාරී තුමා,
[ආයතනයේ නම],
[ලිපිනය].

ගරු මහත්මයාණෙනි,

මාතෘකාව: පවතින ආර්ථික දුෂ්කරතා හේතුවෙන් මූල්‍ය ආධාර හෝ ශිෂ්‍යත්වයක් ලබා ගැනීම සඳහා ඉල්ලීම.

මම [ආයතනයේ නම] හි [පීඨය] යටතේ [අධ්‍යයන වර්ෂය] වසරේ අධ්‍යාපනය ලබන ශිෂ්‍යයෙක්මි. දැනට මා හදාරනු ලබන උපාධි පාඨමාලාවේ අධ්‍යයන කටයුතු බාධාවකින් තොරව කරගෙන යාම සඳහා අවශ්‍ය වන මූල්‍යමය පහසුකම් සපයා ගැනීමේදී මාගේ පවුල දැඩි ආර්ථික දුෂ්කරතාවලට මුහුණ දී සිටින බැවින්, ඒ සඳහා ඔබගේ අවධානය යොමු කිරීමට මෙම ලිපිය ඉදිරිපත් කරමි.

මාගේ පවුලේ එකම ආදායම් උපයන්නා වන මාගේ පියා/මව ට [හේතුව - උදා: අසනීප තත්ත්වයකින් පසු වීම / රැකියාව අහිමි වීම] හේතුවෙන් පවුලේ දෛනික වියදම් මෙන්ම මාගේ අධ්‍යාපන වියදම් පියවා ගැනීම ද අතිශය දුෂ්කර වී ඇති බැවින් නේවාසිකාගාර ගාස්තු, උපකරණ සහ අනෙකුත් අධ්‍යයන වියදම් පියවා ගැනීම මා හට දැඩි බාධාවක් වී පවතී.

මාගේ පසුගිය අධ්‍යයන වර්ෂයන්හි ප්‍රතිඵල මගින් මා ලබා ඇති අධ්‍යයන දක්ෂතාවන් තහවුරු කළ හැකි අතර, ඔබ ආයතනය මගින් පිරිනමනු ලබන මූල්‍ය ආධාර වැඩසටහනක් හෝ සුදුසු ශිෂ්‍යත්වයක් ලබා දීමට කාරුණික වන්නේ නම් එය මාගේ අනාගතය වෙනුවෙන් කරනු ලබන මහඟු උපකාරයක් වනු ඇත.

මෙම ඉල්ලීම පිළිබඳව ඔබතුමාගේ සහ අදාළ කමිටුවේ කාරුණික අවධානය යොමු කර, මා වෙත සහනයක් ලබා දෙන ලෙස ඉතා ගෞරවයෙන් ඉල්ලා සිටිමි. මේ සම්බන්ධයෙන් අවශ්‍ය කරන සියලුම සහතික පත්‍ර සහ නිර්දේශ ලිපි ඉල්ලුම් කළ සැනින් ඉදිරිපත් කිරීමට මම සූදානම්ව සිටිමි.

ස්තූතියි.

ගෞරවයෙන්,

ශිෂ්‍යයා,
[ආයතනයේ නම]."
REQ004,request,formal,si,වෘත්තීය විභාගයක් සඳහා පෙනී සිටීම  සඳහා අධ්‍යයන නිවාඩු ලබා ගැනීම පිළිබඳව.,"[දිනය]

දෙපාර්තමේන්තු ප්‍රධානියා,
[ආයතනයේ නම],
[ලිපිනය].

ගරු මහත්මයාණෙනි,

මාතෘකාව: වෘත්තීය විභාගයක් සඳහා පෙනී සිටීම  සඳහා අධ්‍යයන නිවාඩු ලබා ගැනීම පිළිබඳව.

මම [ආයතනයේ නම] යටතේ [තනතුර] දරමින් රාජකාරී ඉටුකරන නිලධාරියෙක්මි. [දිනය] දින සිට [දිනය] දින දක්වා පැවැත්වීමට නියමිත [විභාගයේ නම] වෘත්තීය විභාගය සඳහා පෙනී සිටීමට මා බලාපොරොත්තු වන බැවින්, ඒ සඳහා අවශ්‍ය වන අධ්‍යයන නිවාඩු අනුමත කරවා ගැනීමට මෙමගින් ඉල්ලුම් කර සිටිමි.

මෙම වෘත්තීය විභාගය සමත්වීම මාගේ වෘත්තීය ප්‍රගතියට මෙන්ම දැනට මා ඉටුකරන රාජකාරීන් වඩාත් විධිමත් ලෙස හා නවීන දැනුමෙන් යුතුව ඉටු කිරීමට මහඟු පිටුවහලක් වනු ඇත. විභාගය සඳහා සූදානම් වීමට සහ ඒ සඳහා පෙනී සිටීමට [දින ගණන] ක අධ්‍යයන නිවාඩු කාලයක් මට අවශ්‍යව පවතී.

මා නිවාඩු ලබා සිටින කාල සීමාව තුළ මාගේ රාජකාරී කටයුතු බාධාවකින් තොරව පවත්වාගෙන යාම සඳහා [වෙනත් සේවකයා/නිලධාරියා] වෙත අදාළ වගකීම් පවරා දීමට අවශ්‍ය කටයුතු සූදානම් කර ඇති බව ද කරුණාවෙන් දන්වා සිටිමි.

එබැවින්, මාගේ මෙම ඉල්ලීම පිළිබඳව ඔබතුමාගේ කාරුණික අවධානය යොමු කර, අදාළ දින සඳහා අධ්‍යයන නිවාඩු අනුමත කර දෙන ලෙස ඉතා ගෞරවයෙන් ඉල්ලා සිටිමි. මේ සම්බන්ධයෙන් ඔබ දක්වන සහයෝගය මම බෙහෙවින් අගය කරමි.

ස්තූතියි.

ගෞරවයෙන්,

[තනතුර/සේවකයා],
[ආයතනයේ නම]."
CMP002,complaint,formal,si,උප්පැන්න සහතිකයක් නිකුත් කිරීමේදී සිදුවන ප්‍රමාදය පිළිබඳව පැමිණිලි කිරීම.,"[දිනය]

ප්‍රාදේශීය ලේකම් කාර්යාල නිලධාරී තුමා,
ප්‍රාදේශීය ලේකම් කාර්යාලය,
[ලිපිනය].

ගරු මහත්මයාණෙනි,

මාතෘකාව: උප්පැන්න සහතිකයක් නිකුත් කිරීමේදී සිදුවන ප්‍රමාදය පිළිබඳව පැමිණිලි කිරීම.

මා විසින් [දිනය] දින ඉදිරිපත් කරන ලද [අයදුම්පත් අංකය] දරන උප්පැන්න සහතික පිටපතක් ලබා ගැනීමේ ඉල්ලුම්පත්‍රය සම්බන්ධයෙන් මෙතෙක් කිසිදු සාධාරණ විසඳුමක් ලැබී නොමැති බව කණගාටුවෙන් යුතුව දන්වා සිටිමි. මෙම සහතිකය ලබා ගැනීම සඳහා මා අවස්ථා කිහිපයකදීම ඔබ කාර්යාලය වෙත පැමිණ විමසීම් කළද, ඒ සෑම අවස්ථාවකදීම නිසි පිළිතුරක් ලබා දීමට අදාළ අංශ අපොහොසත් විය.

සාමාන්‍ය පරිපාලන ක්‍රියාවලියට අනුව මෙම ලේඛනය ලබා දීමට ගතවන කාල සීමාව ඉක්මවා ගොස් ඇති අතර, මෙම ප්‍රමාදය හේතුවෙන් මාගේ [හේතුව - උදා: පාසල් ඇතුළත් කිරීම් / විදේශ ගමන් බලපත්‍ර කටයුතු] සඳහා දැඩි බාධා එල්ල වී ඇත.

එබැවින්, සිදු වී ඇති මෙම ප්‍රමාදය පිළිබඳව ඔබතුමාගේ පෞද්ගලික අවධානය යොමු කර, හැකි ඉක්මනින් අදාළ සහතික පත්‍රය ලබා දීමට අවශ්‍ය කටයුතු සම්පාදනය කරන ලෙස ඉතා ගෞරවයෙන් ඉල්ලා සිටිමි. රජයේ ආයතනයක් කෙරෙහි මහජනතාව තබා ඇති විශ්වාසය ආරක්ෂා වන පරිදි කටයුතු කරනු ඇතැයි මම අපේක්ෂා කරමි.

මෙම පැමිණිල්ල සම්බන්ධයෙන් ඔබ ගන්නා ක්‍රියාමාර්ගය පිළිබඳව මා වෙත දැනුම් දෙන ලෙස කාරුණිකව ඉල්ලා සිටිමි.

ස්තූතියි.

විශ්වාසී,

[අයදුම්කරු/පුරවැසියා],
[ලිපිනය]."
CMP003,complaint,formal,si,ගුරුතුමෙකුගේ අක්‍රමවත් සේවා පැමිණීම හේතුවෙන් සිසුන්ගේ අධ්‍යාපනයට සිදුවන බලපෑම පිළිබඳව පැමිණිලි කිරීම.,"[දිනය]

විදුහල්පති තුමා,
[ආයතනයේ නම],
[ලිපිනය].

ගරු මහත්මයාණෙනි,

මාතෘකාව: ගුරුතුමෙකුගේ අක්‍රමවත් සේවා පැමිණීම හේතුවෙන් සිසුන්ගේ අධ්‍යාපනයට සිදුවන බලපෑම පිළිබඳව පැමිණිලි කිරීම.

මම [ආයතනයේ නම] හි අධ්‍යාපනය ලබන ශිෂ්‍යයෙකුගේ දෙමාපියෙකු වශයෙන් මෙම ලිපිය ඔබතුමා වෙත යොමු කරනුයේ, අපගේ දරුවන්ගේ අධ්‍යාපන කටයුතු සම්බන්ධයෙන් පැන නැගී ඇති බරපතල ගැටලුවක් පිළිබඳව ඔබතුමාගේ අවධානය යොමු කරනු පිණිසය.

පසුගිය [කාලසීමාව - උදා: මාසයක් පමණ] තුළ [විෂය] උගන්වන ගුරුතුමා නිරන්තරයෙන්ම අක්‍රමවත් ලෙස සේවයට වාර්තා කරන බවත්, බොහෝ අවස්ථාවලදී දරුවන්ගේ පන්ති කාමරයට නොපැමිණෙන බවත් දරුවන්ගෙන් දැනගන්නට ලැබුණි. මෙම තත්ත්වය හේතුවෙන් [විෂය] විෂය නිර්දේශය ආවරණය කර ගැනීමට දරුවන්ට නොහැකි වී ඇති අතර, එය ඉදිරි විභාග කටයුතු සඳහා ද මහත් බාධාවක්ව පවතී. ගුරුතුමෙකුගේ මෙවැනි වගකීම් විරහිත හැසිරීම හේතුවෙන් දරුවන්ගේ අධ්‍යාපන මට්ටම පහළ යාම සහ ඔවුන් තුළ අධ්‍යාපනය කෙරෙහි ඇති උනන්දුව ගිලිහී යාම අතිශය කණගාටුදායකය.

පාසලක ප්‍රධානතම වගකීම වන්නේ සිසුන්ගේ අධ්‍යාපන අයිතිය සුරක්ෂිත කිරීමයි. එබැවින්, මෙම ගැටලුව පිළිබඳව ඔබතුමාගේ පෞද්ගලික අවධානය යොමු කර, අදාළ ගුරුතුමා සමඟ සාකච්ඡා කර කඩිනම් පියවරක් ගන්නා ලෙස ඉතා ගෞරවයෙන් ඉල්ලා සිටිමි.

ස්තූතියි.

ගෞරවයෙන්,

[දෙමව්පිය නියෝජිතයා/දෙමාපියන්],
[ලිපිනය]."
APP002,application,formal,si,පුවත්පතේ නම හෝ වෙබ් අඩවිය] හි පළ වූ දැන්වීමට අනුව [කාර්යාල සහකාර] තනතුර සඳහා අයදුම් කිරීම.,"[දිනය]

ලේකම් තුමා / ආයතන ප්‍රධානී තුමා,
[ආයතනයේ නම],
[ලිපිනය].

ගරු මහත්මයාණෙනි,

මාතෘකාව: [පුවත්පතේ නම/වෙබ් අඩවිය] හි පළ වූ දැන්වීමට අනුව [කාර්යාල සහකාර] තනතුර සඳහා අයදුම් කිරීම.

[දිනය] දින [පුවත්පතේ නම/වෙබ් අඩවිය] හි පළ කරන ලද දැන්වීම අනුව, ඔබ ආයතනයේ පුරප්පාඩුව පවතින [කාර්යාල සහකාර] තනතුර සඳහා මාගේ සුදුසුකම් සහිත අයදුම්පත මෙයින් ඉදිරිපත් කරමි. රජයේ ආයතනයක කාර්යාලීය කටයුතු සහ පරිපාලන සහාය ලබා දීමේ කාර්යභාරය කෙරෙහි මා තුළ පවතින උනන්දුව සහ දක්ෂතාවය නිසා මෙම තනතුර සඳහා මාගේ සුදුසුකම් ප්‍රමාණවත් බවට විශ්වාස කරමි.

මා [අධ්‍යාපනික සුදුසුකම් - උදා: අ.පො.ස. සාමාන්‍ය පෙළ / උසස් පෙළ] විභාගයෙන් සමත්ව ඇති අතර, කාර්යාලීය ලිපිලේඛන කළමනාකරණය, පරිගණක දත්ත ඇතුළත් කිරීම සහ මූලික කාර්යාලීය මෙවලම් භාවිතය පිළිබඳව ප්‍රායෝගික දැනුමක් ලබා ඇත. මීට අමතරව, මීට පෙර [පළපුරුද්ද තිබේ නම් පමණි - උදා: වෙනත් ආයතනයක සේවය කළ වසර ගණන] තුළ ලබාගත් සේවා අත්දැකීම් හේතුවෙන්, කාර්යාලීය පරිසරයක වගකීම් සහගතව සහ කණ්ඩායමක් සමඟ සාමූහිකව කටයුතු කිරීමට මා හට හැකියාව ඇත.

රාජ්‍ය සේවයේ පවතින නීති රීතිවලට සහ රෙගුලාසිවලට අනුකූලව, ආයතනයේ කාර්යක්ෂමතාව ඉහළ නැංවීමට මගේ උපරිම දායකත්වය ලබා දීමට මම කැපවී සිටිමි. මාගේ සුදුසුකම් සනාථ කෙරෙන සහතික පත්‍ර සහ නිර්දේශ ලිපිවල පිටපත් මෙම ලිපිය සමඟ අමුණා ඇත.

මෙම තනතුර සඳහා සම්මුඛ පරීක්ෂණයකට කැඳවීමක් ලැබෙන්නේ නම්, මාගේ සුදුසුකම් පිළිබඳව වැඩිදුර කරුණු පැහැදිලි කිරීමට බලාපොරොත්තු වෙමි.

ස්තූතියි.

ගෞරවයෙන්,

[අයදුම්කරු],
[ලිපිනය],
[දුරකථන අංකය]."
APO003,apology,formal,si,වැඩසටහන් කල් දැමීම පිළිබඳ කණගාටුව ප්‍රකාශ කිරීම,"මගේ අංකය :- [ලිපි අංකය]
දිනය :- [දිනය]

[ලබන්නාගේ තනතුර],
[ආයතනයේ නම],
[ලිපිනය]

පුනරුත්ථාපනය කරන ලද තරුණ කණ්ඩායම් සඳහා ඒකාබද්ධතා වැඩසටහන් ක්‍රියාත්මක කිරීම.

උක්ත කරුණට අදාළව මගේ සමාංක හා [දිනය] දිනැති ලිපිය හා ඔබගේ අංක [ලිපි අංකය] හා [දිනය] දිනැති ලිපි හා බැඳේ.

02. එමගින් සදහන් කල පරිදි ඉහත වැඩසටහන් පැවැත්වීමට තිබු දිනයන් නොවැලක්විය හැකි හේතූන් මත කල් දැමු බව කාරුණිකව දන්වා සිටිමි. මේ සම්බන්ධයෙන් [නම] මහතාට හා භාෂා පරිවර්තක [නම] මහතාට [දිනය] දින දැනුම් දෙන ලදී.

03. නැවත එම දැනුවත් කිරීමේ වැඩසටහන [නම] මහතාගේ එකඟත්වය මත පහත සඳහන් පරිදි පැවැත්වීමට අවශ්‍ය කටයුතු සංවිධානය කරමින් පවතී.

[ගම/නගරය] - [දිනය] [වේලාව] සිට [වේලාව] දක්වා - ප්‍රාදේශීය ලේකම් කාර්යාලය
[ගම/නගරය] - [දිනය] [වේලාව] සිට [වේලාව] දක්වා - ප්‍රාදේශීය ලේකම් කාර්යාලය

04. එබැවින් ඒ සඳහා ඉහත සඳහන් කල සම්පත් දායක දෙපල ලබා දීමට අවශ්‍ය පියවර ගන්න මෙන් වැඩිදුරටත් ඉල්ලා සිටිමි.

මේ සම්බන්ධයෙන් ඔබට යම් අපහසුතාවයක් ඇතිවූයේනම් අතිශයින් කණගාටුව ප්‍රකාශ කර සිටිමි.

[යවන්නාගේ නම],
[තනතුර].
[ආයතනයේ නම] ලේකම් වෙනුවට.

පිටපත :- [ලබන්නාගේ තනතුර], [ආයතනයේ නම]"
APO004,apology,formal,si,මුදල් ආපසු ගෙවිය නොහැකි බව කණගාටුවෙන් දැනුම් දීම,"මගේ අංකය : [ලිපි අංකය]
දිනය : [දිනය]
දායක අංකය : [ගිණුම් අංකය]

යෝජනා ක්‍රමයෙන් ඉල්ලා අස්වීම

ඉහත කාරණය සම්බන්ධයෙන් [දිනය] දින අප වෙත කරන ලද ඉල්ලීම් හා බැඳේ.

විශ්‍රාම වැටුප් යෝජනා ක්‍රමයේ නීති රීති අනුව මුදල් අපසු ලබා ගැනීම සඳහා ගෙවිය යුතු වාරික සංඛ්‍යාවෙන් [අංකය] ක වාරික සංඛ්‍යාවක් ගෙවිය යුතුය.

ඔබගේ ගිණුම පරික්ෂා කිරීමේදී [අංකය] ක වාරික සංඛ්‍යාව ගෙවීම සදහා ඔබ විසින් [වාරික සංඛ්‍යාව] ගෙවිය යුතු නමුත් ඔබ විසින් ගෙවා ඇත්තේ වාරික [වාරික සංඛ්‍යාව] පමණි.

ඒ අනුව ඔබ වෙත මුදල් ආපසු ගෙවීමේ හැකියාවක් නොමැති බව කණගාටුවෙන් දන්වමි.

ඔබ වෙත මුදල් ආපසු ගෙවිය නොහැකි වුවත් ඔබට ඉසුරු හෝ සුරැකුම් යෝජනා ක්‍රම වල නැවත දායකත්වය ලබා ගෙන පෙර විශ්‍රාම වැටුප් යෝජනා ක්‍රමයට ගෙවූ මුදල් නව ක්‍රමයට බැරකර ගත හැක.

එසේත් නොමැති නම් වෙනත් අයෙකු සුරැකුම් යෝජනා ක්‍රමයට ග්‍රාම නිලධාරී මගින් හෝ අප කාර්යාලය මගින් දායක වී ඔබ විසින් ගෙවන ලද මුදල් එම ගිණුමට බැර කළ හැකි බව දන්වමි.

ඔබ අපවෙත ඒවා ඇති පහත ආකෘතිපත්‍ර මේ සමග එවමි.
මුදල් වාරික සටහන් පොත
ඔප්පුව

නැවත දායකත්වය ලබන්නේ නම් හෝ වෙනත් අයෙකු දායක කර ගෙවූ මුදල් නව ගිණුමට බැර කරන්නේ නම් එම මුදල් නව ගිණුමට බැර කරන ලෙස ඉල්ලීම් ලිපිය, ඔප්පුව, මුදල් වාරික සටහන් පොත, නව අයදුම්පත්‍රය සමග ලබා දිය යුතු බවද දන්වමි.

[යවන්නාගේ නම],
දිස්ත්‍රික් සම්බන්ධීකරණ නිලධාරී."
CMP004,complaint,formal,si,රා අලෙවි මධ්‍යස්ථානය සම්බන්ධ මහජන පැමිණිලි හා ස්ථාන මාරු කිරීම,"ප්‍රාදේශීය ලේකම් කාර්යාලය - [ලිපිනය]
දුරකථනය - [දුරකථන අංකය]
විද්‍යුත් තැපෑල - [විද්‍යුත් තැපෑල]
ෆැක්ස් - [දුරකථන අංකය]
මගේ අංකය - [ලිපි අංකය]
දිනය - [දිනය]

දිසාපතිතුමා,
දිසා ලේකම් කාර්යාලය,
[ලිපිනය]

රා අලෙවි ස්ථානය නැරඹීම සම්බන්ධවයි - [ගම/නගරය] තැබෑරුම

ඉහත කරුණු සම්බන්ධව ඔබගේ අංකය [ලිපි අංකය] හා [දිනය] දින ලිපිය හා බැඳේ.

ඉහත රා තැබෑරුම සම්බන්ධව බොහෝ පැමිණිලි එම ප්‍රදේශය නියෝජනය කරන පොදු ජනයාගෙන් [දිනය] වර්ෂයේදී ලැබී ඇති බැවින් [ආයතනයේ නම] වෙත [දිනය] වර්ෂය සඳහා වූ තැබෑරුම සඳහා වූ අලුත් අවසරපත් ලබා දීමේදි උක්ත ශාඛාව ([ලියාපදිංචි අංකය]) වෙනත් ස්ථානයකට මාරු කරනු ලබන සහතිකය ලබා ගැනීමෙන් අනතුරුව අවසරපත් ලබා දෙන ලදී. (ඒ සම්බන්ධ ලිපියේ ඡායා පිටපත මේ සමග අමුණා ඇත.)

තව ද මෙම වසරේ ද ඉහත රා තැබෑරුම අස්කිරීම සම්බන්ධව එම ප්‍රදේශවාසි ජනතාව ද එම ප්‍රදේශයට අයත් පොදු සංවිධානයන් ද දිගටම මට ද ඒ පිළිබඳ පාර්ශවයන්ටද ඉල්ලීම් කරමින් සිටිති. තවද [දිනය] දක්වා වූ කාලය දක්වා [ආයතනයේ නම] වෙත ලබා දී ඇති කාලය ගෙන තමන් ඉවසීමෙන් සිටින බව එම ප්‍රදේශයේ මහජනතාව හා පොදු ආයතන මට දැනුම් දී ඇත. තවද තැබෑරුම පාසලට ඉතා සමීපව තිබීමත් මෙහි සඳහන් කළ යුතුය.

එනිසා මෙම කරුණ සම්බන්ධව එම ප්‍රදේශවාසින්ගේ හා පොදු ආයතනවල අදහසට ප්‍රමුඛතාවය ලබා දී රා තැබෑරුම වෙනත් සුදුසු ස්ථානයකට මාරු කිරීමට අවශ්‍ය කටයුතු කරමින් සිටින අතර මෙම රා තැබෑරුම [ආයතනයේ නම] විසින් සුදුසු වෙනත් ස්ථානයකට මාරු නොකළහොත් [දිනය] වර්ෂය සඳහා වූ බලපත්‍රය අලුත් කිරීම් ලබා දීමට නොහැකිවනු ඇතැයි ඔබට කාරුණිකව දන්වා සිටිමි.

[යවන්නාගේ නම]
ප්‍රාදේශීය ලේකම්,
ප්‍රාදේශීය ලේකම් කාර්යාලය,
[ලිපිනය]

පිටපත - සභාපති, [ආයතනයේ නම]"
CMP005,complaint,formal,si,සේවා ව්‍යවස්ථාව උල්ලංඝනය කිරීමට විරෝධය දක්වා වැඩ වර්ජනය දැනුම් දීම,"මාගේ අංකය [ලිපි අංකය]
දිනය [දිනය]

[තනතුර], [ආයතනයේ නම],
[තනතුර], [ආයතනයේ නම],
සියලුම [තනතුර],
[තනතුර], [දෙපාර්තමේන්තුව],
[තනතුර], [දෙපාර්තමේන්තුව],
සියලුම [තනතුර],
[තනතුර], [ආයතනයේ නම],
සියලුම [තනතුර],
සියලුම [තනතුර].

සේවා ව්‍යවස්ථාවට පටහැනිව පත්වීම් හා උසස්වීම ලබා දීමට ගන්නා උත්සාහයට විරෝධය දැක්වීමේ වෘත්තීය ක්‍රියාමාර්ග පිළිබඳව දැනුවත් කිරීම.

අධ්‍යාපන ලේකම්ට යොමු කරන ලද [ලිපි අංකය] හා [දිනය] දිනැති සේවා ව්‍යවස්ථාව උල්ලංඝනය කරමින් උසස්වීම් හා පත්වීම් ලබා දීමේ උත්සාහය පිළිබඳ ලිපියට අනුව එම ලිපියේ සඳහන් කරුණු පිළිබඳව අප සංගමය වෙත සෑහීමකට පත්විය හැකි පිළිතුරක් නොලැබුණු හෙයින් එම ලිපියේ සඳහන් පරිදි වෘත්තීය ක්‍රියාමාර්ගයකට එළඹීමට අප සංගමයේ විධායක කමිටුව තීරණය කරන ලදී.

එබැවින් [දිනය] දින අප සංගමයේ සාමාජිකයන් වන [ආයතනයේ නම] සියලුම නිලධාරීන් වැඩ වර්ජනයක යෙදෙන බව දන්වා සිටිමි.

තව ද එදින [වේලාව] ට [ආයතනයේ නම] පරිශ්‍රයේ සේවා ව්‍යවස්ථාවට පටහැනිව පත්වීම් හා උසස්වීම් ලබා දීම පිලිබඳ විශේෂ සමුළුවක් පැවැත්වෙන බව ද ඉන් අනතුරුව සාමකාමී විරෝධතාවක් පැවැත්වෙන බව ද දන්වා සිටිමි.

මෙයට විශ්වාසී,
ගරු ලේකම්,
[ආයතනයේ නම].

පිටපත සියලුම නිලධාරීන් වෙත, සහභාගී වීම පිණිස."
CMP006,complaint,formal,si,රජයේ නිවාස ප්‍රවේශ මාර්ගය සම්බන්ධ නිවැසියන්ගේ පැමිණිල්ල,"ප්‍රාදේශීය ලේකම්,
ප්‍රාදේශීය ලේකම් කාර්යාලය,
[ලිපිනය]

[ගම/නගරය] රජයේ නිවාස [අංකය]කට අයත් ඉඩමට අයත් මාර්ගයක් සම්බන්ධවයි.

[ලිපි අංකය] දරන මූලික පිඹුර ඉඩම් කොටස් වෙන් කොට ඇති [ගම/නගරය] ග්‍රාමයේ ඉදිකොට ඇති [ආයතනයේ නම] අයත් රජයේ නිවාස වල පදිංචි නිවැසියන් කිහිපදෙනෙකු පහත කරුණු යටතේ ඉල්ලීමක් ගරු ආණ්ඩුකාරතුමා වෙත ඉදිරිපත් කොට ඇත.

1. අදාළ පිඹුරේ ලොට් අංක [අංකය] හා [අංකය] ට උතුරු දෙසින් පිහිටි පුද්ගලික ඉඩමක හිමිකරුවෙකු ඔහුගේ පෞද්ගලික ඉඩමට වෙන් වූ 20ආදී ක ප්‍රවේශ මාර්ගයක් එම පුද්ගලික ඉඩමට වෙනම හිමිව ඇතත් එම හිමිකරු රජයේ නිවාස වලට ප්‍රවේශ වන මාර්ගය තවත් පුළුල් කරමින් ආදී 18ක පාරක් ඉල්ලා සිටින බව අදාළ නිවැසියන් පැමිණිලි කරයි.

2. පවතින ප්‍රවේශ මාර්ගය තවත් පුළුල් කරන විට රජයේ නිවාස ඉඩම් කොටස් වල වපසරිය තවත් කුඩා වන අතර අයෙකුගේ පමණක් සුභසිද්ධිය තකා එසේ කිරීම බලවත් අසාධාරණයක් බවත් අදාළ ඉල්ලුම්කරුවන් පැවසයි.

මෙම සිදුවීමට අදාළ සම්පූර්ණ වාර්තාවක් ගරු ආණ්ඩුකාරතුමාට ඉදිරිපත් කිරීම පිණිස මා වෙත කඩිනමින් ලබාදෙන ලෙස මෙයින් දන්වා සිටිමි.

[යවන්නාගේ නම]
ආණ්ඩුකාර ලේකම්
[ලිපිනය]

පිටපත : සභාපති, ප්‍රාදේශීය සභාව, [ලිපිනය]"
CMP007,complaint,formal,si,නීති විරෝධී බොරළු කැණීම් සම්බන්ධ පැමිණිල්ල හා අවසරපත් අත්හිටුවීම,"ප්‍රාදේශිය ලේකම් කාර්යාලය - [ලිපිනය]
දුරකථනය - [දුරකථන අංකය]
ෆැක්ස් - [දුරකථන අංකය]
විද්‍යුත් තැපෑල - [විද්‍යුත් තැපෑල]

මගේ අංකය - [ලිපි අංකය]
දිනය - [දිනය]

ප්‍රාදේශිය ඉංජිනේරු,
[ආයතනයේ නම],
[ලිපිනය]

බොරළු කැණීම් හාරන්නන්ගෙන් සිදුවන සමාජ හානි
[ගම/නගරය] ග්‍රාම නිලධාරි වසම

ඉහත කරුණු සම්බන්ධයෙන් [ගම/නගරය] ග්‍රාම නිලධාරි වසමේ [නම] නමැති අයට විරුද්ධව පැමිණිල්ලක් ලැබී ඇත. ඔහු නීති විරෝධි ලෙස බොරළු කැණීම් කරන බවත් සමාජ අපචාරවල යෙදෙන බවත් මහජනතාව විසින් පැමිණිලි කර ඇත.

මේ සම්බන්ධයෙන් පොලිස් ස්ථානයටද අප විසින් පැමිණිලි කර ඇත. එනිසා නීති ක්‍රියාමාර්ග ගන්නා තුරු දැනට [ගම/නගරය] ග්‍රාම නිලධාරි වසමේ ලබාදී ඇති බොරළු අවසරපත් වහාම අත්හිටුවන ලෙස ඔබෙන් ඉල්ලා සිටිමි.

[යවන්නාගේ නම],
ප්‍රාදේශිය ලේකම්,
[ලිපිනය]"
CMP008,complaint,formal,si,ක්ෂේත්‍ර මධ්‍යස්ථානය සම්බන්ධ පැමිණිල්ලක් කලාප කාර්යාලයට යොමු කිරීම,"මගේ අංකය [ලිපි අංකය]

ප්‍රාදේශිය ලේකම් කාර්යාලය,
[ලිපිනය]

[දිනය]

කලාප අධ්‍යාපන අධ්‍යක්ෂක,
කලාප අධ්‍යාපන කාර්යාලය,
[ලිපිනය]

[ගම/නගරය] අළුත් ක්ෂේත්‍ර මධ්‍යස්ථානය සම්බන්ධවයි

ඉහත කරුණ සම්බන්ධව [ගම/නගරය] [නම] නමැති අයගෙන් ක්ෂේත්‍ර මධ්‍යස්ථානය සම්බන්ධව පැමිණිල්ලක් ලැබී ඇත. මෙම ක්ෂේත්‍ර මධ්‍යස්ථානය ඔබ කලාප අධ්‍යාපන කාර්යාලය යටතේ පාලනය වන බැවින් ඒ සම්බන්ධ පැමිණිල්ලේ පිටපතක් ඔබතුමාගේ අවශ්‍ය කටයුතු සඳහා මේ සමග අමුණා යවනු ලබන බව මෙයින් දන්වා සිටිමි.

ප්‍රාදේශිය ලේකම්,
[ලිපිනය]

පිටපත - [නම], [ලිපිනය]"
THN002,thank-you,formal,si,සඟරා මුද්‍රණයට ලබා දුන් අනුග්‍රහය සඳහා ස්තූතිය පිරිනැමීම,"ප්‍රාදේශිය ලේකම් කාර්යාලය - [ලිපිනය]
දුරකථනය - [දුරකථන අංකය]
ෆැක්ස් - [දුරකථන අංකය]
විද්‍යුත් තැපෑල - [විද්‍යුත් තැපෑල]

මගේ අංකය - [ලිපි අංකය]
දිනය - [දිනය]

කළමනාකරු,
[ආයතනයේ නම],
[ලිපිනය]

ප්‍රාදේශිය සංස්කෘතික උත්සවය - [දිනය]
සඟරා මුද්‍රණය නිමවීම සම්බන්ධවයි

අප ප්‍රාදේශිය ලේකම් කොට්ඨාසයේ [දිනය] වර්ෂයේ ප්‍රාදේශිය සාහිත්‍ය උත්සවයේ විශේෂ අංගයන්ගේ එකක් වශයෙන් වසරක් පාසා නිකුත් කරන කලාපය මෙම වර්ෂයේදි එළිදැක්වීමට නියමිතය. උක්ත සඟරාවේ මුද්‍රණ කටයුතු ඔබගේ [ආයතනයේ නම] ප්‍රාදේශිය සංවර්ධන සැලැස්මේ මුදල් දායකත්වයෙන් [ආයතනයේ නම] මුද්‍රණාලයේ මුද්‍රණය වී නිම වී ඇත.

උක්ත උත්සවය උත්සවාකාරයෙන් සිදුවීමට ග්‍රන්ථ මුද්‍රණය සඳහා ඔබ ආයතනය ලබා දුන් අනුග්‍රහකත්වයට අපගේ ස්තූතිය මෙයින් දන්වා සිටිමු.

ප්‍රාදේශිය ලේකම්,
[ලිපිනය]"
REQ005,request,formal,si,උත්සව ආරක්ෂාව සඳහා පොලිස් නිලධාරීන්ගේ සේවය ලබා දෙන ලෙස ඉල්ලීම,"[ආයතනයේ නම]
[ලිපිනය]

[දිනය]

[ලිපි අංකය]

සහකාර ජ්‍යෙෂ්ඨ පොලිස් අධිකාරි
සහකාර ජ්‍යෙෂ්ඨ පොලිස් අධිකාරි කාර්යාලය
[ලිපිනය]

ඇසල කලාපයේ ආරක්ෂාව සහ මහජනතාව හැසිරවීම සඳහා පොලිස් නිළධාරීන් හා නිළධාරිනියන්ගේ සේවය ලබාගැනීම

1. මෙම රෙජිමේන්තුවේ රෙජිමේන්තු අධිපතිගේ සංකල්පයකට අනුව යුද්ධ හමුදාව සහ සිවිල් මහජනතාව අතර සුහදතාවය වර්ධනය කිරීමේ අරමුණින් [දිනය] වන දිනට යෙදී ඇති ඇසල පුරපසලොස්වක පොහොය නිමිත්තෙන් ඓතිහාසික [ගම/නගරය] කේන්ද්‍ර කොටගෙන [දිනය] සිට [දිනය] දක්වා [ගම/නගරය] ක්‍රීඩාංගනයේදි ""ඇසල කලාපයක්"" පැවැත් වීමට කටයුතු සැලසුම්කර ඇත.

2. මෙහිදී ඉතා අලංකාර වු පහන්කූඩු ප්‍රදර්ශනයක් සහ නැරඹීමට පැමිණෙන මහජනතාව වෙනුවෙන් බැති ගී ප්‍රසංගයක් ද පැවැත්වීමට කටයුතු යොදා ඇති අතර, යුද හමුදාව [ගම/නගරය] නගරයේදී මෙලෙස ඇසල කලාපයක් පවත්වනු ලබන්නේ හතරවන වතාවට බව දන්වා සිටිමි.

3. අදාල ඇසල කලාපය නැරඹීම සඳහා විශාල ජනතාවක් පැමිණෙනු ඇතැයි බලාපොරොත්තු වන බැවින් ඔවුන්ගේ ආරක්ෂාව හා හැසිරවීමේ කටයුතු සඳහා පොලිස් නිළධාරී 30 දෙනෙකුගේ හා පොලිස් නිළධාරිනියන් 20 දෙනෙකුගේ සේවය ඉහත පළවන ඡේදයේ දක්වා ඇති කාර්යය ආවරණය වන පරිදි ලබාදීමට කටයුතු සිදුකර දෙනමෙන් කාරුණිකව ඉල්ලා සිටිමි.

4. මේ සඳහා ඔබ වෙතින් ලබාදෙන සහයෝගය ඉතා අගේකොට සලකමි.

[යවන්නාගේ නම]
බ්‍රිගේඩියර්
රෙජිමේන්තු අධිපති වෙනුවට"
REQ006,request,formal,si,බෝක්කු අවහිරතාවය ඉවත් කිරීමට පොලිස් ආරක්ෂාව ඉල්ලීම,"[ලිපි අංකය]
විධායක ඉංජිනේරු කාර්යාලය,
[ආයතනයේ නම],
[ලිපිනය]
[දිනය]

ජ්‍යෙෂ්ඨ පොළිස් අධිකාරි තුමා,
ජ්‍යෙෂ්ඨ පොළිස් අධිකාරි කාර්යාලය,
[ලිපිනය]

බෝක්කුව අවහිර කිරීම සම්බන්ධවයි.

උක්ත කරුණට අදාලව [ගම/නගරය] මාර්ගයේ [අංකය] වන කිලෝමීටරයේ අංක [අංකය] බෝක්කුව අසල මාර්ගයේ දකුණු පස පැති කාණුව අවහිර කර ඇත.

[අංකය] දරණ මහාමාර්ග ආඥා පනතෙහි අංක [අංකය] වැනි සහ [අංකය] වැනි වගන්ති යටතේ මා වෙත පැවරී ඇති බලතල අනුව එකී අවහිරතාව [ආයතනයේ නම] මගින් ඉවත් කරනු ලබන බව දන්වමි.

මෙම අවහිරතාව ඉවත් කිරීම [දිනය] දින [වේලාව] ට සිදුකිරීමට ඇති බැවින් ඒ සඳහා අවශ්‍ය පොලිස් ආරක්ෂාව ලබා දෙන මෙන් කාරුණිකව ඉල්ලා සිටිමි.

විධායක ඉංජිනේරු,
[ආයතනයේ නම],
[ලිපිනය]"
REQ007,request,formal,si,කාර්යාලය සඳහා වායු සමන යන්ත්‍රයක් ලබා දෙන ලෙස ඉල්ලීම,"ස්ථානාධිපති,
රථවාහන අංශය,
පොලිස් ස්ථානය,
[ලිපිනය]

අධ්‍යක්ෂක තුමා,
[ආයතනයේ නම],
[ලිපිනය]

වායු සමන යන්ත්‍රයක් ලබා ගැනීම සම්බන්ධව.

[ගම/නගරය] පොලිස්ථානයේ රථවාහන අංශයේ වායුසමනය අක්‍රිය වී ඇත. එය යථාතත්වයට පත්කිරීමට නොහැකි තත්වයට පත්වී ඇත. මාගේ අංශයට අනුයුක්ත නිළධාරීන් හිරුරස්මියෙන් යුක්තව ප්‍රධාන පාරවල් 05 කට අදාලව රථවාහන රාජකාරි කර දැඩි පීඩාවෙන් අංශයට පැමිණීමේදී අංශයේ සිටීම අපහසුතාවයකි.

අංශය වායුසමනය සඳහා වීදුරුවලින් වටකර ඇති නිසා ඇතුලත පොත්පත් වල රාජකාරි කරන නිළධාරීන්ද දැඩි අපහසුතාවයෙන් කටයුතු කරයි. ප්‍රධාන පාරට මායිම්ව රථවාහන අංශය පිහිටා ඇති බැවින් [ආයතනයේ නම] මගින් ප්‍රධාන පාර පිළිසකර කරන විට දුම දූවිල්ල එකවර අංශය තුලට පැමිණීම හේතුවෙන් අංශයේ පොත්පත්ද අපිරිසිදුවී ඇත.

රථවාහන අංශයට ඇති වී ඇති අපහසුතාවය සලකා බලා මෙම අංශයට හොඳ තත්වයේ වායුසමන යන්ත්‍රයක් ලබාදීමට කටයුතු සලසා දෙන මෙන් කාරුණිකව ඉල්ලා සිටිමි.

ස්ථානාධිපති,
රථවාහන අංශය."
REQ008,request,formal,si,ශාඛාව නව ස්ථානයකට මාරු කිරීමේදී පොලිස් ආරක්ෂාව ඉල්ලීම,"[ආයතනයේ නම]
[ලිපිනය]

[දිනය]

යොමුව - [ලිපි අංකය]

ස්ථානාධිපති
පොලිස් ස්ථානය
[ලිපිනය]

මහත්මයාණෙනි / මහත්මියෙනි

ශාඛාව වෙනත් ස්ථානයක ස්ථාපිත කිරීම

දැනට [ලිපිනය] යන ස්ථානයේ පවත්වාගෙන යනු ලබන අප ශාඛාව [දිනය] දින [ලිපිනය] යන ස්ථානය වෙත මාරු වීමට කටයුතු යොදා ඇත.

එදින [වේලාව] ට පමණ මෙම ස්ථානයේ සිට නව නිවහන දක්වා පෙරහරකින් ගමන් ආරම්භ කිරීමට කටයුතු යොදා ඇති හෙයින් එම අවස්ථාවට පොලිස් ආරක්ෂාව ලබාදීමට කටයුතු කරන මෙන් කාරුණිකව ඉල්ලා සිටිමි.

තවද ශාඛාවේ සුරක්ෂිතාගාරයේ ඇති ආරක්ෂක සේප්පු ප්‍රවාහනය කිරීමේ කටයුතු [දිනය] දිනට පෙර සිදු කිරීමට අවශ්‍ය බැවින් අපගේ ඉහල කළමනාකාරිත්වයෙන් උපදෙස් ලද විගස එම ප්‍රවාහනය කිරීමේ කටයුතු සිදුකිරීමට අදහස් කෙරෙන බැවින්, ඒ සඳහාද පොලිස් ආරක්ෂාව අප බලාපොරොත්තු වන අතර, නියමිත දිනය කල්වේලා ඇතිව ඔබ වෙත දැන්වීමට කටයුතු කරන්නෙමු."
REQ009,request,formal,si,පාසල ඉදිරිපිට පදික මාරුවක් යෙදීම සඳහා ඉල්ලීම,"[පාසලේ නම]

[දිනය]

ස්ථානාධිපති
රථවාහන පොලීසිය
[ලිපිනය]

ස්ථානාධිපතිතුමණි

පාසල ඉදිරිපිට පදික මාරුව වෙනස් කිරීම.

අප විද්‍යාලයේ 01 ශ්‍රේණියේ සිට 05 ශ්‍රේණිය දක්වා සිසුන් ඉගෙන ගන්නා ප්‍රාථමික පාසලකී. දැනට අප විද්‍යාලය ඉදිරිපිට පදික මාරුවක් යොදා නැත. අප විද්‍යාලය [පාසලේ නම] ප්‍රාථමික අංශය ලෙස [දිනය] දිනට පෙර පැවති බැවින් [පාසලේ නම] ඉදිරිපිට පදික මාරුවක් යොදා ඇත.

පාසල් දෙක ඉදිරිපිට පදික මාරු යෙදීමට නොහැකි බැවින් [පාසලේ නම] විදුහල්පති තුමා හා එකඟව පාසල් දෙකටම පොදු වන සේ පදික මාරුවක් යෙදීමට සුදුසු වන බව අදහස් කර ඇති අතර ඒ පිළිබඳ [ආයතනයේ නම] ස්ථානාධිපති තුමියට ද දන්වා ඇත.

මීට පෙර ඔබ තුමාට ද මේ පිළිබඳව මා විසින් ලිඛිතව දන්වා ඇත. ඒ අනුව ඔබතුමාගේ අවධානය යොමු කර පදික මාරුව [ගම/නගරය] ගුරු මධ්‍යස්ථානයේ ඉදිරිපසින් යෙදීමට අවශ්‍ය කටයුතු සලසා දෙන මෙන් කාරුණිකව ඉල්ලා සිටිමි.

විදුහල්පති"
REQ010,request,formal,si,නඩුවකට සාක්ෂි දීම සඳහා කොට්ඨාශයෙන් පිටව යාමට අවසර ඉල්ලීම,"[තනතුර] [නම],
රථවාහන අංශය,
පොලිස්ථානය,
[ලිපිනය],
[දිනය]

ස්ථානාධිපති, රථවාහනතුමා මගින්,
මූලස්ථාන පොලිස් පරීක්ෂකතුමා මගින්,
සහකාර පොලිස් අධිකාරිතුමා, [ලිපිනය] මගින්,
පොලිස් අධිකාරී කාර්යාලය,
[ලිපිනය]

[නඩු අංකය] දරණ නඩුවට සාක්ෂි දීම සඳහා කොට්ඨාශයෙන් පිටතට යාමට අවසර ඉල්ලීම

රථවාහන අංශයට අනුයුක්තව රාජකාරි කරනු ලබන [නම] වන මාහට [දිනය] දින [ලිපිනය] අධිකරණයේ විභාග වන [නඩු අංකය] දරණ නඩුවට සාක්ෂි දීම සඳහා [දිනය] වෙනි දින රාජකාරියෙන් පසු කොට්ඨාශයෙන් බැහැර යාම සඳහා අවසර ලබා දෙන මෙන් ඔබතුමන්ලාගේ ඉල්ලා සිටිමි.

මෙයට,
අණගරුක,
[යවන්නාගේ නම]"
REQ011,request,formal,si,නගරය තුළ රථගාල් ස්ථාපිත කර දෙන ලෙස ඉල්ලීම,"රථ වාහන අංශය,
[ලිපිනය],
[දිනය]

ප්‍රධාන ඉංජිනේරුතුමා,
[ආයතනයේ නම],
[ලිපිනය]

රථවාහන තදබදය සම්බන්ධව

01. ප්‍රධාන පාරවල් 05 ක රථ වාහන තදබදය නගරය තුළ සංසරණය වන බවත් එයින් නගරයේ වාහන තදබදයක් පවතී.

02. කොතරම් වාහන ප්‍රමාණයක් නගරය තුළම සංක්‍රමණය වුවත් නගරයේ රථගාල නොමැතිකම හේතුවෙන් ප්‍රධාන මාර්ග අයිනේ නතර කර තබයි.

03. එයින් මාර්ග තදබදය වැඩිවන බවත් දිනෙන් දින අනතුරු ද වැඩි වේ.

එබැවින් නගරයේ ඇතුළත රථ වාහන ගාල් කිරීම සඳහා රථගාලක්ද ප්‍ර/බස් රථ ගාල් කිරීම සඳහා රථගාලක්ද ස්ථාපිත කර දෙන ලෙස ගෞරවයෙන් ඉල්ලා සිටිමි.

ස්ථානාධිපති / රථ වාහන,
[ලිපිනය]"
REQ012,request,formal,si,පාපැදි තරගයක් සඳහා යතුරු පැදිය හා නිලධාරීන් යැවීමට අනුමැතිය ඉල්ලීම,"රථ වාහන අංශය,
පොලිස් ස්ථානය,
[ලිපිනය]
[දිනය]

මූලස්ථාන පොලිස් පරීක්ෂකතුමා මගින්,
සහකාර පොලිස් අධිකාරි [ලිපිනය],
ජ්‍යෙෂ්ඨ පොලිස් අධිකාරි තුමා [ලිපිනය] කොට්ටාසය මගින්,
නියෝජ්‍ය පොලිස්පතිතුමා [ලිපිනය] දිසාව,
නියෝජ්‍ය පොලිස්පති කාර්යාලය,
[ලිපිනය]

අංක [ලියාපදිංචි අංකය] දරන පොලිස් යතුරු පැදිය සහ නිලධාරින් දෙදෙනකු පාපැදි තරගයක් සඳහා වසමෙන් පිටත යැවීමට අවසර ඉල්ලීම

[ආයතනයේ නම] විසින් 29 වෙනි වරටත් සංවිධානය කරන මහා පාපැදි තරගය [දිනය] වෙනි දින පැය 09.00ට [ගම/නගරය] පොලිස් වසමේ මංසන්ධියෙන් ආරම්භ වී [ගම/නගරය] යන පොලිස් වසම් හරහා ගමන් කරන බැවින් ඒ සඳහා [ගම/නගරය] රථ වාහන අංශයට අනුයුක්ත අංක [ලියාපදිංචි අංකය] දරණ යතුරු පැදිය හා පැදිකරු [සේවක අංකය] [නම], සහ පසු පැදිකරු [සේවක අංකය] [නම] නිලධාරීන් දෙදෙනාට පෙරගමන් ආරක්ෂාව සඳහා පිටත් කර යැවීමට අවශ්‍ය අනුමැතිය ලබා දෙන මෙන් කරුණාවෙන් ඉල්ලා සිටිමි.

ස්ථානාධිපති / රථ වාහන,
[ලිපිනය]"
REQ013,request,formal,si,පොත් තැබීම සඳහා වානේ අල්මාරි දෙකක් ලබා දෙන ලෙස ඉල්ලීම,"රථ වාහන අංශය,
පොලිස් ස්ථානය,
[ලිපිනය],
[දිනය]

අධ්‍යක්‍ෂකතුමා,
ගිණුම් අංශය,
[ආයතනයේ නම],
[ලිපිනය]

පොත් අල්මාරි 02 ක් ලබා ගැනීම සඳහා

[ගම/නගරය] පොලිස් ස්ථානයේ රථ වාහන අංශයේ පාවිච්චි කරන දඩ පොත් තබා ගැනීම සඳහා ඔබ ආයතනයේ ඉවත් කරන ලද වානේ අල්මාරි 02 ක් ලබා දෙන ලෙස කරුණාවෙන් ඉල්ලා සිටිමි.

ස්ථානාධිපති / රථ වාහන,
[ලිපිනය]"
REQ014,request,formal,si,රිය අනතුරකට වගකිව යුතු රියදුරු විදේශගත වීම වැළැක්වීමට ඉල්ලීම,"පොලිස් ස්ථානය,
[ලිපිනය]
[දිනය]

විදේශ සේවා නියුක්ති කාර්යාංශය,
[ලිපිනය]

[දිනය] දින මගීන් පටවාගත් අංක [ලියාපදිංචි අංකය] දරන පුද්ගලික බස් රථය [ගම/නගරය] දෙස සිට [ගම/නගරය] දෙසට ධාවනය කරන අවස්ථාවේදී [ගම/නගරය] ප්‍රදේශයේ පුද්ගලික රෝහල ඉදිරිපිටදී [වේලාව] ට පමණ, ප්‍රධාන මාර්ගයේ දකුණු පැත්තේ සිට වම්පසට පදික මාරුවේ ගමන් කරමින් සිටි [නම] නමැත්තිය බස් රථයේ ගැටී ඉදිරි වම් පස රෝදයට අයගේ වම කකුල අසු වීමෙන් මෙම අනතුර සිදු වී ඇත.

මෙම අනතුරින් බරපතල තුවාල ලබා පදික කාන්තාව රෝහල්ගත කර ඇති අතර රියදුරුද ඔහුට එම අවස්ථාවේදි පහර දීමක් කර ඇති බවට සඳහන් කරමින් [ගම/නගරය] රෝහලට ඇතුළත් වී ප්‍රතිකාර ලබයි.

මෙම අනතුර සම්බන්ධයෙන් [නඩු අංකය] යටතේ කරුණු වාර්තා කරන ලද අතර මෙම අනතුරට වගකිව යුතු පුද්ගලික බස් රථයේ රියදුරු වන [නම] යන අය විදේශගත වන බවට තොරතුරු අනාවරණය වී ඇති බැවින් මෙම රියදුරු විදේශගත වීම වළක්වා මා වෙත දැනුම් දෙන ලෙසට කාරුණිකව ඉල්ලා සිටිමි.

මෙම රියදුරුගේ පු.හැ. අංකය - [ජා.හැ. අංකය]
රි.බ. අංකය - [රියදුරු බලපත්‍ර අංකය]

මූලස්ථාන පොලිස් පරීක්‍ෂක,
[ලිපිනය]"
REQ015,request,formal,si,මියගිය නිලධාරියාගේ නිවස නිම කිරීමට ඉදිකිරීම් ද්‍රව්‍ය ඉල්ලීම,"මූලස්ථාන පොලිස් ස්ථානය,
[ලිපිනය]
[දිනය]

සහකාර සාමාන්‍යධිකාරි තුමා,
[ආයතනයේ නම],
[ලිපිනය]

[ගම/නගරය] පොලිස්ථානයට අනුයුක්තව රාජකාරි කරන ලද [තනතුර] [නම] නිලධාරියා [වර්ෂය] වසරේ පොලිස් ස්ථානයට ලැබුණු දුරකතන පණිවිඩයකට අනුව [ගම/නගරය] හෝටලයේ නවාතැන් ගෙන සිටී.

සැක සහිත පුද්ගලයින් දෙදෙනෙකු පරික්ෂා කිරීමට යාමේදී සැකකරුවන් විසින් වෙඩි තැබීමක් සිදු කරන ලදි. එම වෙඩි තැබීම හේතුවෙන් නිලධාරියා මිය යන ලදී.

මේ වන විට නිලධාරියාගේ අඩක් නිම කළ නිවසේ ඉදිරි වැඩ කටයුතු නිම කර ගැනීමට නොහැකි තත්ත්වයක් ඇති වී තිබෙන බව බිරිඳ විසින් දැනුම් දී ඇත.

ඒ අනුව නිවසේ ඉදිරි වැඩ කටයුතු සඳහා අවශ්‍ය කොන්ක්‍රීට් ගල් කියුබ් 02 ක් ලබා දීමට කටයුතු සලසා දෙන මෙන් කාරුණිකව ඉල්ලා සිටිමි.

මූලස්ථාන ප්‍රධාන පොලිස් පරීක්ෂක,
මූලස්ථාන පොලිස් ස්ථානය,
[ලිපිනය]"
REQ016,request,formal,si,කාර්යක්ෂමතා කඩඉම් පරීක්ෂණය සඳහා ස්ථානයක් වෙන් කර දෙන ලෙස ඉල්ලීම,"මගේ අංකය :- [ලිපි අංකය]
දිනය :- [දිනය]

පළාත් අධ්‍යාපන ලේකම්,
[ලිපිනය]

අනධ්‍යයන කාර්ය මණ්ඩලයේ කාර්යක්ෂමතා කඩඉම් පරීක්ෂණය.

[ලිපිනය] පළාතේ ජාතික පාසල්, විද්‍යාපීඨ, ගුරු මධ්‍යස්ථාන හා ගුරු විද්‍යාලවල සේවය කරන ප්‍රාථමික ශ්‍රේණිවල කාර්යක්ෂමතා කඩඉම් පරීක්ෂණය එම පළාතේම පැවැත්වීම සුදුසු බව තීරණය කරන ලදී.

02. මෙම පරීක්ෂණය මණ්ඩල දෙකක් යටතේ පැවැත්වෙන අතර ඒ සඳහා අමාත්‍යංශයේ මාණ්ඩලික නිලධාරීන් පැමිණීමට නියමිතව ඇත. සේවකයින් 100 ක් පමණ ඉහත දිනයේදී කැඳවීමට අපේක්ෂා කර ඇත. [වේලාව] සිට [වේලාව] දක්වා මෙම පරීක්ෂණ පැවැත්වීමට නියමිතය. පරීක්ෂණ මණ්ඩලය සඳහා නිලධාරීන් 15 ක් පමණ සහභාගීවේ.

03. මෙම කටයුත්ත සඳහා සුදුසු ස්ථානයක් වෙන් කර දෙන ලෙස කාරුණිකව ඉල්ලා සිටිමි.

[යවන්නාගේ නම],
අතිරේක ලේකම් (පාලන හා මුදල්),
අධ්‍යාපන ලේකම් වෙනුවට."
REQ017,request,formal,si,උපාධි සහතිකයක නිරවද්‍යතාව සනාථ කර එවන ලෙස ඉල්ලීම,"[ලිපි අංකය]
[දිනය]

ලේඛකාධිකාරී,
[ආයතනයේ නම],
[ලිපිනය]

උපාධි සහතිකයේ නිරවද්‍යතාව සනාථ කර ගැනීම.

ඔබ ආයතනය වෙතින් [නම] වෙත නිකුත් කර ඇති විද්‍යාවේදී උපාධි සහතිකයේ පිටපතක් මේ සමඟ අමුණා එවන අතර එහි නිරවද්‍යතාවය සහ මෙම ප්‍රතිඵල වලංගු වන දිනය සනාථ කර එවන මෙන් කාරුණිකව දන්වමි.

[යවන්නාගේ නම],
සහකාර ලේකම්,
(අධ්‍යාපන සේවා ආයතන),
අධ්‍යාපන ලේකම් වෙනුවට."
REQ018,request,formal,si,විද්‍යාගාරයේ වහලය අලුත්වැඩියාවට ඇස්තමේන්තු සකස් කර එවන ලෙස ඉල්ලීම,"මගේ අංකය : [ලිපි අංකය]
දිනය : [දිනය]

ගොඩනැගිලි අධ්‍යක්ෂ මගින්,
දිස්ත්‍රික් ඉංජිනේරු,
[ලිපිනය]

උසස් පෙළ විද්‍යාගාරයේ වහලය අලුත්වැඩියාව - [පාසලේ නම]

උක්ත කරුණට සම්බන්ධයෙන් විදුහල්පතිගේ [දිනය] දිනැති ලිපිය හා බැඳේ. (පිටපතක් අමුණා ඇත).

විද්‍යාලයේ උසස්පෙළ විද්‍යාගාරයේ වහලය අලුත්වැඩියා කිරීම සඳහා කඩිනමින් ඇස්තමේන්තු සකස් කර එවන මෙන් කාරුණිකව දන්වමි.

[යවන්නාගේ නම],
පාසල් ගොඩනැගිලි අධ්‍යක්ෂ,
අධ්‍යාපන ලේකම් වෙනුවට.

පිටපත් :-
1. පළාත් අධ්‍යාපන අධ්‍යක්ෂ, [ආයතනයේ නම].
2. දිස්ත්‍රික් ඉංජිනේරු (ගොඩනැගිලි), [ලිපිනය] - අතිරේක පිටපතකි.
3. විදුහල්පති, [පාසලේ නම]."
REQ019,request,formal,si,පරිගණක අභ්‍යාසලාභිනියක් නැවත ලබා දෙන ලෙස ඉල්ලීම,"වෙත :- ජ්‍යෙෂ්ඨ සහකාර ලේකම්(පාලන)
වෙතින් :- ගොඩනැගිලි කළමනාකරු
දිනය :- [දිනය]
මගේ අංකය :- [ලිපි අංකය]
විෂය :- පරිගණක අභ්‍යාසලාභිනියක් ලබා ගැනීම

ගොඩනැගිලි කළමනාකරණ ශාඛාවේ පරිගණක පුහුණුවන්නෙකුගේ සේවය [දිනය] දින වන තෙක් ලබා ගත් අතර ඇයගේ සේවය අවසන් වී ඇති බැවින් නැවත පරිගණක අභ්‍යාසලාභිනියක් ලබා දෙන මෙන් කාරුණිකව ඉල්ලමි.

[යවන්නාගේ නම],
ගොඩනැගිලි කළමනාකරු."
REQ020,request,formal,si,විදුලි සෝපානයේ අඩුපාඩු සකසා යථා තත්ත්වයට පත් කරන ලෙස ඉල්ලීම,"මගේ අංකය :- [ලිපි අංකය]
දිනය :- [දිනය]

අධ්‍යක්ෂ,
[ආයතනයේ නම],
[ලිපිනය]

[ආයතනයේ නම] ගොඩනැගිල්ලේ භාණ්ඩ විදුලි සෝපානය 5 වන මහල දක්වා (අතිරේක මහල් දෙක) දීර්ඝ කර සවිකිරීම.

අංක [ලිපි අංකය] දරන ඉහත කොන්ත්‍රාත්තුව සම්බන්ධව එළඹි ගිවිසුමට අනුවයි.

02. ඉහත කාර්යය ඔබ ආයතනය විසින් [දිනය] අවසන් කර අප වෙත භාරදී ඇත. මෙම විදුලි සෝපානය බඩු පටවා ඉහළ පහළ යාමේ දී පහත සඳහන් අඩුපාඩු පවතින බැව් හෙළිදරව් විය.

නතර කිරීමේ දී ගැස්සීමක් ඇති වීම.
පළමු මහලේ දී නිසියාකාරව විදුලි සෝපානයේ දොර නොවැසීම.
එකවර මහල් 3 කට වඩා බොත්තම් සහිත අංක තේරීම කළහොත් එම අංක සියල්ල සඳහන් බොත්තම් අක්‍රිය වීම.
අදාළ මහලට සෝපාන තට්ටුව විවෘත වුවද සෝපාන තට්ටුව මහලට වඩා මඳක් උස්ව පැවතීම.

03. ඉහත සඳහන් අඩුපාඩු හැකි ඉක්මණින් සාදා භාණ්ඩ - විදුලි සෝපානය යථා තත්ත්වයට පත්කර දෙන මෙන් කාරුණිකව ඉල්ලා සිටිමි.

[යවන්නාගේ නම],
ගොඩනැගිලි කළමනාකරු."
REQ021,request,formal,si,භාණ්ඩ තොගයක් රේගුවෙන් නිදහස් කිරීමට සේවා ප්‍රසම්පාදනය ඉල්ලීම,"වෙත :- ගණකාධිකාරි (ප්‍රසම්පාදන)
වෙතින් :- අධ්‍යක්ෂ (පාසල් සැපයීම්)
දිනය :- [දිනය]
මගේ අංකය :- [ලිපි අංකය]
විෂය :- පාසල් උපකරණ පරිත්‍යාගය - විද්‍යුත් පියානෝ රේගුවෙන් නිදහස් කර [ලිපිනය] ගබඩාව වෙත ප්‍රවාහනය සඳහා සේවා ප්‍රසම්පාදනය.

හයවන තොගය [අංකය] පියානෝ.

ඉහත කරුණු සම්බන්ධයෙන් මාගේ අංක [ලිපි අංකය] හා [දිනය] දිනැති ලිපිය හා බැඳේ. (පිටපත අමුණා ඇත)

02. ඒ අනුව අවසන් පියානෝ [අංකය] තොගය ඒවායේ ආධාරක සමඟ නැව්ගත කර ඇති බව දැනුම් දී ඇති අතර ඊට අදාළ නැව්ගත කිරීම් ලියවිලිවල ෆැක්ස් පිටපත් මේ වනවිටත් අප වෙත ලැබී ඇත. අංක [ලිපි අංකය] දරණ බිල්පතෙහි සහ ඊට අදාල ඉන්වොයිසියේ හා ඇසුරුම් ලැයිස්තුවේ පිටපත් අවශ්‍ය කටයුතු සඳහා මේ සමග එවමි.

ඒ අනුව මෙම තොගය රේගුවෙන් නිදහස්කර [ලිපිනය] ගබඩා සංකීර්ණය වෙත ප්‍රවාහනය කර භාරදීම සඳහා සේවා ප්‍රසම්පාදනය කරදෙන මෙන් කාරුණිකව ඉල්ලා සිටිමි.

03. තවද මීට අදාළ මුල් පිටපත් අප වෙත ලැබුණු වහාම ලබාදීමට නියමිත බවද කාරුණිකව සලකන්න.

(මේ සම්බන්ධව වැඩිදුර තොරතුරු සඳහා කරුණාකර [දුරකථන අංකය] සංවර්ධන සහකාර [නම] මෙනවිය විමසන්න.)

[යවන්නාගේ නම],
අධ්‍යක්ෂ(සැපයීම්)"
REQ022,request,formal,si,පළාත් සභා කාර්ය මණ්ඩල තොරතුරු එවන ලෙස ඉල්ලීම,"මගේ අංකය - [ලිපි අංකය]
දිනය - [දිනය]

ප්‍රධාන ලේකම්,
ප්‍රධාන ලේකම් කාර්යාලය,
[ලිපිනය]

කාර්ය මණ්ඩල තොරතුරු - [දිනය]

මෙම අමාත්‍යාංශය විසින් සම්පාදනය කරනු ලැබ ඇති පළාත් සභා කාර්ය මණ්ඩල දත්ත පදනම (Data Base) යාවත්කාලීන කිරීම සඳහා අවශ්‍ය තොරතුරු විධිමත් ලෙස ලබා දීම මඟින් මෙතෙක් ඔබ විසින් දෙන ලද සහයෝගය බෙහෙවින් අගය කරන අතර, මෙම දත්ත පද්ධතිය තව දුරටත් වැඩි දියුණු කිරීම පිණිස ඔබගේ කාරුණික සහාය අවශ්‍ය වී ඇත.

ඒ අනුව පළාත් සභා කාර්ය මණ්ඩල සම්බන්ධයෙන් මෙම අමාත්‍යාංශය විසින් නඩත්තු කරනු ලබන දත්ත පදනම [දිනය] වර්ෂයට තවදුරටත් පුළුල් කිරීමට යෝජිත හෙයින් [දිනය] දිනට ඔබ පළාත් සභාවේ කාර්ය මණ්ඩල තොරතුරු මේ සමඟ ඔබ වෙත එවනු ලබන ආකෘතියට අනුව වර්ගීකරණය කර [දිනය] දිනට පෙර මා වෙත එවන මෙන් කාරුණිකව ඉල්ලා සිටිමි.

[යවන්නාගේ නම],
අතිරේක ලේකම්(ප්‍රතිපත්ති),
ලේකම් වෙනුවට."
REQ023,request,formal,si,ව්‍යාපෘති වාර්තාව සාකච්ඡා කිරීමට දිනයක් ලබා දෙන ලෙස ඉල්ලීම,"[ලබන්නාගේ තනතුර],
[ලබන්නාගේ නම],
[ආයතනයේ නම],
[ලිපිනය]

ගරු ආණ්ඩුකාරතුමියෙනි,

පොදු මගී ප්‍රවාහන සේවය සඳහා ව්‍යුහාත්මක ප්‍රතිසංස්කරණ ක්‍රියාත්මක කිරීම.

ඔබ තුමිය සමග මා මෑතකදී සාකච්ඡා කරන ලද [ආයතනයේ නම] විසින් පිළියෙළ කරන ලද ඉහත ව්‍යපෘති වාර්තාව හා බැඳේ.

ඒ අනුව එම ව්‍යාපෘති වාර්තාව ඔබතුමියගේ කාරුණික අවධානය සඳහා ඉදිරිපත් කරන අතර ඒ මගින් ඉදිරිපත් කර ඇති කරුණු සාකච්ඡා කිරීමට සුදුසු දිනයක් ලබා දෙන මෙන් කාරුණිකව ඉල්ලමි.

[යවන්නාගේ නම],
ලේකම්.

පිටපත් :
[නම], [තනතුර] - කාරුණික දැනගැනීම සඳහා
[නම], සභාපති, [ආයතනයේ නම] - කාරුණික දැනගැනීම සඳහා"
REQ024,request,formal,si,රථයක් සඳහා ටයර් හතරක මිල ගණන් එවන ලෙස ඉල්ලීම,"මගේ අංකය - [ලිපි අංකය]
දිනය - [දිනය]

වර්ග [අංකය] ටයර් 4ක් මිලට ගැනීම.

අප ආයතනයේ දැනට භාවිතා කරන ලද කැබ් රථයක් සඳහා ඉහත සඳහන් කර ඇති වර්ගයේ ටයර් 4ක් මිලට ගැනීමට අවශ්‍ය වී ඇත.

එබැවින් ඔබගේ මිල ගණන් [දිනය] ට පෙර පහත සඳහන් ලිපිනයට අප වෙත දන්වා එවන මෙන් කාරුණිකව දන්වා එවමි.

([තනතුර], [ආයතනයේ නම], [ලිපිනය])

[යවන්නාගේ නම],
නියෝජ්‍ය ප්‍රධාන ලේකම්(සැලසුම්)."
REQ025,request,formal,si,හදිසි ආපදා ප්‍රතිචාර සඳහා මුදල් ප්‍රතිපාදන ලබා දෙන ලෙස ඉල්ලීම,"මගේ අංකය - [ලිපි අංකය]
දිනය - [දිනය]

අධ්‍යක්ෂ ජනරාල්,
[ආයතනයේ නම],
[ලිපිනය]

හදිසි ආපදා ප්‍රතිචාර දැක්වීම සඳහා මුදල් ප්‍රතිපාදන ලබා ගැනීම.

මේ දිනවල පවතින අයහපත් කාලගුණික තත්වය හේතුවෙන් [ලිපිනය] දිස්ත්‍රික්කයේ ප්‍රාදේශීය ලේකම් කොට්ඨාශ කිහිපයක ආපදා තත්වයන් මෙන්ම මාර්ග කිහිපයකටද පස් කඳු හා ගස් කඩා වැටීම හේතුවෙන් අවහිර වී ඇති බව වාර්තා වී ඇති අතර [ආයතනයේ නම] විසින් නායයෑමේ අවදානම් දිස්ත්‍රික්කයක් ලෙසද නම් කර ඇත.

02. ඒ අනුව පවතින අයහපත් කාලගුණික තත්වයේ වර්ධනයක් දක්නට ලැබෙන බැවින් හදිසි ප්‍රතිචාර දැක්වීමේ කටයුතු සඳහා [මුදල] ප්‍රතිපාදන මෙම දිස්ත්‍රික්කය වෙත ලබාදෙන ලෙස කාරුණිකව ඉල්ලා සිටිමි.

[යවන්නාගේ නම],
අතිරේක දිස්ත්‍රික් ලේකම්,
[ලිපිනය] දිස්ත්‍රික් ලේකම්/දිසාපති වෙනුවට."
REQ026,request,formal,si,නියං කාලයේ පානීය ජලය බෙදාදීමට අමතර මුදල් ඉල්ලීම,"මගේ අංකය - [ලිපි අංකය]
ප්‍රාදේශීය ලේකම් කාර්යාලය
[ලිපිනය]
[දිනය]

දිසාපතිතුමා
දිසා ලේකම් කාර්යාලය
[ලිපිනය]

නියං කාලයේ පානීය ජලය බෙදාදීම - [දිනය]

ඉහත කරුණු සම්බන්ධයෙන් ඔබගේ [දිනය] දින හා අංකය [ලිපි අංකය] දරන ලිපිය හා බැඳේ.

අපගේ වසමේ පවුල් [සංඛ්‍යාව] ට අයත් පුද්ගලයින් [සංඛ්‍යාව] දෙනෙකුට දිගටම පානීය ජලය සැපයීම සඳහා ඔබ විසින් [මුදල] නිදහස් කර ඇත. මෙයට අමතරව [මුදල] අවශ්‍යව ඇත. එනිසා පානීය ජලය සැපයීම පවත්වාගෙන යාමට අමතර මුදලද නිදහස් කරන ලෙස ඔබෙන් කාරුණිකව ඉල්ලා සිටිමි.

[යවන්නාගේ නම]
ප්‍රාදේශීය ලේකම්
ප්‍රාදේශීය ලේකම් කාර්යාලය
[ලිපිනය]"
INV005,invitation,formal,si,නියෝජිත පත්වීම් සහතික ප්‍රදාන උත්සවයට ආරාධනය,"මගේ අංකය [ලිපි අංකය]
ඔබේ අංකය
දිනය [දිනය]

[ලබන්නාගේ නම] මහතා / මහත්මිය,
[ආයතනයේ නම] ගොවි සංවිධානය.

නියෝජිත පත්වීම් ලබා දීමේ උත්සවය

[ආයතනයේ නම] නියෝජිතයෙකු ලෙස ඔබව තෝරා පත් කර ඇති බව ඉතාම සතුටින් දැනුම් දෙමි.

ඔබගේ නියෝජිත තනතුරට අදාළ සහතිකපත් ප්‍රදානය හා මුලික දැනුවත් කිරීම මණ්ඩලීය ගරු සභාපති තුමාගේ ප්‍රධානත්වයෙන් [දිනය] දින පෙ.ව. 09.00 ට [ගම/නගරය] ප්‍රාදේශීය ලේකම් කාර්යාලීය ශ්‍රවණාගාරයේ දී පැවැත්වෙන බැවින් එදිනට ඔබ අනිවාර්යයෙන්ම සහභාගී විය යුතු බව මෙයින් දැනුම් දෙමි.

සහකාර අධ්‍යක්ෂ,
[ආයතනයේ නම],
[ගම/නගරය]."
INV006,invitation,formal,si,ප්‍රාථමික අධ්‍යාපන නිලධාරීන් දැනුවත් කිරීමේ රැස්වීමට කැඳවීම,"මගේ අංකය :- [ලිපි අංකය]
දිනය :- [දිනය]

අධ්‍යක්ෂ ජෙනරාල්,
[ආයතනයේ නම].

[වර්ෂය] වර්ෂයේ ක්‍රියාත්මක වන විශේෂ අධ්‍යාපන අවශ්‍යතා ඇති දරුවන් සමඟ කටයුතු කිරීමට ප්‍රාථමික අංශයේ ගුරුවරුන්ට විශේෂ අධ්‍යාපනය පිළිබඳ පුහුණුවක් ලබාදීම පිළිබඳව පළාත් ප්‍රාථමික අධ්‍යාපන සම්බන්ධීකරණ නිලධාරීන් දැනුවත් කිරීමේ රැස්වීම.

පාසල්වල ප්‍රාථමික අධ්‍යාපන අංශයේ විශේෂ අධ්‍යාපන අවශ්‍යතා ඇති දරුවන්ගේ ඉගෙනුම් ක්‍රියාවලිය සඳහා ප්‍රාථමික අධ්‍යාපන ගුරුවරුන්ට විශේෂ අධ්‍යාපනය පිළිබඳ පුහුණුවක් ලබාදීම සඳහා පළාත් පුහුණුකරුවන් පුහුණුකිරීමේ පළමු අදියර මේ වන විට අවසන් කර ඇත.

ඒ අනුව පළාත් මට්ටමින් ප්‍රාථමික ගුරුවරුන් පුහුණු කිරීම පිළිබඳව පළාත් ප්‍රාථමික අධ්‍යාපන සම්බන්ධීකරණ නිලධාරීන් සමඟ සාකච්ඡා කිරීම සඳහා රැස්වීමක් පහත සඳහන් පරිදී පැවැත්වීමට කටයුතු සංවිධානය කර ඇත.

දිනය : [දිනය]
වේලාව : [වේලාව] සිට [වේලාව]
ස්ථානය : කමිටු රැස්වීම් ශාලාව, [ආයතනයේ නම]

ඒ සඳහා ඔබ ආයතනයේ මුල් ළමාවිය සංවර්ධන හා ප්‍රාථමික අධ්‍යාපන දෙපාර්තමේන්තුවේ අධ්‍යක්ෂ [නම] මහතා සහභාගී කරවන මෙන් කාරුණිකව ඉල්ලමි.

මේ පිළිබඳව ඔබ දක්වන සහයෝගය ඉතා අගය කොට සලකමි.

[යවන්නාගේ නම]
අතිරේක ලේකම් (අධ්‍යාපන ගුණාත්මක සංවර්ධන)
අධ්‍යාපන ලේකම් වෙනුවට"
INV007,invitation,formal,si,නියාමන ආකෘතිය සකස් කිරීමේ දෙදින නේවාසික වැඩමුළුව,"වෙත :- ගණකාධිකාරී (ගෙවීම්)
වෙතින් :- අධ්‍යාපන අධ්‍යක්ෂ (ප්‍රාථමික අධ්‍යාපන)
දිනය :- [දිනය]
මගේ අංකය :- [ලිපි අංකය]

විෂය :- ළමා මිතුරු පාසල් වැඩසටහන යටතේ අධ්‍යාපන කලාපවල ප්‍රාථමික අධ්‍යාපන විෂය භාර නියෝජ්‍ය/සහකාර අධ්‍යාපන අධ්‍යක්ෂවරුන් සඳහා යෝජිත නියාමන ආකෘතියේ අවසන් පිටපත සකස් කිරීමේ දෙදින නේවාසික වැඩමුළුව.

වැඩමුළුව පහත සඳහන් පරිදි පැවැත්වීමට කටයුතු සංවිධානය කර ඇත.

දිනය :- [දිනය]
වේලාව :- [වේලාව] සිට [වේලාව] දක්වා
ස්ථානය :- [ආයතනයේ නම], [ගම/නගරය]

මෙම වැඩමුළුවේ සියලු ම ගෙවීම් කටයුතු කර දෙන මෙන් කාරුණිකව ඉල්ලමි.

මේ පිළිබඳව ඔබ දක්වන සහයෝගය ඉතා අගය කොට සලකමි.

[යවන්නාගේ නම],
අධ්‍යාපන අධ්‍යක්ෂ,
ප්‍රාථමික අධ්‍යාපන."
INV008,invitation,formal,si,රාජ්‍ය භාෂා ප්‍රතිපත්ති සාකච්ඡාවට ලේකම්වරුන්ට ආරාධනා,"[ලිපි අංකය]

ලේකම්,
සියලුම අමාත්‍යාංශ.

හිතවත් ලේකම්තුමනි,

රාජ්‍ය භාෂා ප්‍රතිපත්තිය සහ සමාජ එකාබද්ධතා ප්‍රතිපත්තිය ක්‍රියාත්මක කිරීමට අදාළ අමාත්‍යාංශය සතු වගකීම් පිළිබඳ සාකච්ඡාව

අවුරුදු 30ක කුරිරු යුද්ධය අවසන් වීමෙන් අනතුරුව ශීඝ්‍ර සංවර්ධනයක් කරා පිය නඟන මෙවන් යුගයක ද්වී භාෂාවෙන් හෘදයාංගමව බැදුණු එකම ශ්‍රී ලංකේය ජාතියක් ඇති කිරීම කාලීන අවශ්‍යතාවයකි.

02. මේ සඳහා ක්‍රියාත්මක වන උක්ත ප්‍රතිපත්ති පිළිබදව ඔබ සමඟ සාකච්ඡා කිරීමට මෙම අමාත්‍යාංශය අපේක්ෂා කෙරේ.

03. ඒ සදහා සංවිධානය කරනු ලබන රැස්වීම ගරු අමාත්‍ය [නම] මැතිතුමාගේ ප්‍රධානත්වයෙන් [දිනය] දින [වේලාව] සිට [වේලාව] දක්වා [ලිපිනය] ශ්‍රවණාගාරයේ දී පැවැත්වීමට කටයුතු යොදා ඇත.

04. ඒ සඳහා ඔබගේ පැමිණීම ගෞරවයෙන් අපේක්ෂා කරන අතර මේ සම්බන්ධයෙන් ඔබ දක්වන සහයෝගය ඉතා අගය කොට සලකමි.

මෙයට විශ්වාසී,
[යවන්නාගේ නම],
ලේකම්.
[ආයතනයේ නම]."
INV009,invitation,formal,si,වෘත්තීය සංගමයේ මහා සභා රැස්වීමට ආරාධනා,"ලේකම්, [ආයතනයේ නම],
සියළුම අතිරේක ලේකම්වරු - [ආයතනයේ නම],
විභාග කොමසාරිස් ජනරාල්,
අධ්‍යාපන ප්‍රකාශන කොමසාරිස් ජනරාල්,
නියෝජ්‍ය අධ්‍යක්ෂ ජනරාල් - [ආයතනයේ නම],
සියලුම පළාත් අධ්‍යාපන අධ්‍යක්ෂවරු,
සියලුම කලාප අධ්‍යාපන අධ්‍යක්ෂවරු,
සියලුම විදුහල්පතිවරු / නියෝජ්‍ය විදුහල්පතිවරු,
සියලුම නියෝජ්‍ය / සහකාර අධ්‍යාපන අධ්‍යක්ෂවරු ඇතුළු සියලුම අධ්‍යාපන පරිපාලන සේවයේ නිලධාරීන් වෙත,

අධ්‍යාපන පරිපාලන සේවා වෘත්තීය සංගමයේ මහා සභා රැස්වීම

අධ්‍යාපන පරිපාලන සේවා වෘත්තීය සංගමයේ මහා සභා රැස්වීම [දිනය] බ්‍රහස්පතින්දා දින [වේලාව] සිට [ආයතනයේ නම] ප්‍රධාන ශාලාවේදී පැවැත්වීමට කටයුතු යොදා ඇත.

මේ සඳහා සහභාගී වන ලෙස අධ්‍යාපන පරිපාලන සේවයේ සියලුම නිලධාරීන්ට ආරාධනා කර සිටිමු.

සැළකිය යුතුයි

01. න්‍යාය පත්‍ර සහ වැඩි තොරතුරු [දිනය] වන දින සිට සංගමයේ නිල වෙබ් අඩවියේ ප්‍රකාශයට පත් කෙරෙනු ඇත.

02. ආයතන සංග්‍රහයේ [අංකය] වැනි පරිච්ඡේදයේ [අංකය] වගන්තිය අනුව මෙදින සහභාගී වීම සඳහා සියළුම අධ්‍යාපන පරිපාලන සේවයේ නිලධාරීන් සඳහා අධ්‍යාපන ලේකම් විසින් රාජකාරි නිවාඩු අනුමත කර ඇත.

උප ලේකම්,
[යවන්නාගේ නම],
ලේකම් වෙනුවට."
INV010,invitation,formal,si,විගණන කළමනාකරණ කමිටු රැස්වීමට සහභාගී වීම,"මගේ අංකය : [ලිපි අංකය]

නාගරික ලේකම් දෙපාර්තමේන්තුව,
[ආයතනයේ නම],
[ගම/නගරය].

[දිනය]

විගණන කළමණාකරණ කමිටු රැස්වීම.

[ආයතනයේ නම] විගණන කළමණාකරණ කමිටු රැස්වීම ගරු නගරාධිපතිතුමාගේ අණ පරිදි [දිනය] වන දින [වේලාව] ට [ලිපිනය] නගර ශාලාවේදී පැවැත්වෙන බවත්, එම රැස්වීමට සහභාගි වන ලෙසත් මෙයින් කාරුණිකව දන්වා සිටිමි.

([යවන්නාගේ නම])
නාගරික ලේකම්.

න්‍යාය පත්‍රය.
01. එක් එක් දෙපාර්තමේන්තු වලට අදාළව මෙතෙක් ලැබී ඇති විගණන වාර්තා පිළිබඳ ප්‍රගතිය සාකච්ඡා කිරීම.
02. අභ්‍යන්තර විගණන වාර්තා වලට අදාළ ප්‍රගතිය සාකච්ඡා කිරීම.
03. වෙනත් කරුණු."
INV011,invitation,formal,si,ගමනාගමන උපදේශක කමිටු රැස්වීමට කැඳවීම,"මගේ අංකය : [ලිපි අංකය]

[ආයතනයේ නම],
[ගම/නගරය].

[දිනය]

ගරු මන්ත්‍රීතුමනි/මහත්මයාණෙනි,

[ආයතනයේ නම] ගමනා ගමන උපදේශක කමිටු රැස්වීම.

[ආයතනයේ නම] ගමනාගමන උපදේශක කමිටුවේ රැස්වීමක් [දිනය] වන දින [වේලාව] ට [ලිපිනය] නගර ශාලාවේදී පැවැත්වේ.

ඒ සඳහා අනිවාර්යයෙන් සහභාගී වන ලෙස ගරු නගරාධිපතිතුමාගේ නියමය පරිදි මෙයින් කාරුණිකව දන්වා සිටිමි.

එම රැස්වීමේ න්‍යාය පත්‍රය පහත සඳහන් වේ.

මෙයට - නියමය පරිදි,
([යවන්නාගේ නම]),
නාගරික ලේකම්."
INV012,invitation,formal,si,ක්‍රීඩා හා තරුණ කටයුතු ස්ථාවර කාරක සභා රැස්වීම,"නාගරික ලේකම් දෙපාර්තමේන්තුව,
[ආයතනයේ නම],
[ගම/නගරය].

[දිනය]

ගරු මහා නගර සභා මන්ත්‍රී
[ලබන්නාගේ නම] මහතා,
[ගම/නගරය].

මහත්මයාණෙනි,

නාගරික ක්‍රීඩා, තරුණ කටයුතු හා සුභසාධක සේවා පිළිබඳ ස්ථාවර කාරක සභා රැස්වීම.

[ආයතනයේ නම] නාගරික ක්‍රීඩා තරුණ කටයුතු හා සුභසාධක සේවා පිළිබඳ ස්ථාවර කාරක සභාවේ රැස්වීමක් [දිනය] වන සඳුදා දින [වේලාව] ට [ලිපිනය] මහා නගර සභා ශාලාවේදී පැවැත්වෙන බව ගරු නගරාධිපතිතුමාගේ අණ පරිදි කාරුණිකව දන්වමි.

එම රැස්වීමේ න්‍යාය පත්‍රය පහත දැක්වේ.

මෙයට - විශ්වාසී,
[යවන්නාගේ නම],
නාගරික ලේකම්,
[ආයතනයේ නම].

න්‍යාය පත්‍රය
01. නාගරික ක්‍රීඩාපිටි සංවර්ධනය කිරීම හා ලෙදර් බෝල ක්‍රිකට් පුහුණු විකට් ඉදිකිරීම සම්බන්ධව ප්‍රධාන ක්‍රීඩා භූමි පරිපාලකගේ [දිනය] දිනැති වාර්තාව සලකා බැලීම."
INV013,invitation,formal,si,ටෙන්ඩර් මණ්ඩල රැස්වීමට මන්ත්‍රීවරුන් කැඳවීම,"නාගරික ලේකම් දෙපාර්තමේන්තුව,
[ආයතනයේ නම],
[ගම/නගරය].

[දිනය]

ගරු මහා නගර සභා මන්ත්‍රී,
[ගම/නගරය].

මහත්මයාණෙනි,

ටෙන්ඩර් මණ්ඩල රැස්වීම.

[ආයතනයේ නම] ටෙන්ඩර් මණ්ඩල රැස්වීමක් [දිනය] වන සඳුදා දින [වේලාව] ට [ලිපිනය] මහා නගර සභා ශාලාවේදී පැවැත්වෙන බව ගරු නගරාධිපතිතුමාගේ අණ පරිදි කාරුණිකව දන්වමි.

එම රැස්වීමේ න්‍යාය පත්‍රය පහත දැක්වේ.

මෙයට - විශ්වාසී,
[යවන්නාගේ නම],
නාගරික ලේකම්,
[ආයතනයේ නම].

න්‍යාය පත්‍රය
01. [දිනය] දිනට ටෙන්ඩර් කැඳවූ අයිතම
01. මුදල් දෙපාර්තමේන්තුවට ඩබල් කැබ් රථයක් මිළදී ගැනීම.
02. ජල භීතිකා එන්නත් සපයා ගැනීම.
03. ජලනල උපාංග උපකරණ සපයා ගැනීම.
04. සාමාන්‍ය ගබඩා ද්‍රව්‍ය සපයා ගැනීම.
05. කාර්යාල උපකරණ සපයා ගැනීම.
06. පරිගණක හා ඒ ආශ්‍රිත උපාංග සපයා ගැනීම."
INV014,invitation,formal,si,ආපදා පෙර සූදානම් සැලසුම් වැඩසටහනට සහභාගී කරවීම,"මගේ අංකය - [ලිපි අංකය]
දිනය - [දිනය]

ප්‍රාදේශීය ලේකම්,
ප්‍රාදේශීය ලේකම් කාර්යාලය,
[ගම/නගරය].

ප්‍රාදේශීය ආපදා කළමනාකරණ පෙර සූදානම් හා සැලසුම් සකස් කිරීමේ වැඩසටහන.

උක්ත කරුණ සම්බන්ධව [දිනය] දින දිස්ත්‍රික් ආපදා කළමනාකරණ මධ්‍යස්ථානයේ සහකාර අධ්‍යක්ෂ සමග පැවති දුරකථන සාකච්ඡාව හා බැඳේ.

02. ඒ අනුව දිස්ත්‍රික් ආපදා කළමනාකරණ මධ්‍යස්ථානය මගින් ප්‍රාදේශීය ආපදා කළමනාකරණ කමිටු සාමාජිකයින්ගේ සහභාගිත්වයෙන් ප්‍රාදේශීය ලේකම් කොට්ඨාශය සඳහා විධිමත් ආපදා පෙර සූදානම් සැලැසුමක් සකස් කිරීමේ වැඩ සටහනක් [දිනය] දින ඔබ කාර්යාලීය රැස්වීම් ශාලාවේදී පැවැත්වීමට අදහස් කර ඇත.

03. ඒ අනුව ආපදා කළමනාකරණ කටයුතු සාර්ථකව සිදුකර ගැනීමට විධිමත් සැලැස්මක් තිබීම වැදගත් වන බැවින් ඉහත වැඩ සටහන පැවැත්වීම සඳහා අවශ්‍ය කටයුතු සංවිධානය කර දෙන ලෙස හා කොට්ඨාශයේ රාජ්‍ය ආයතන ප්‍රධානීන්, ආපදා බහුල වසම්වල සංවර්ධන නිළධාරින් සහ ස්වේච්ඡා සංවිධාන නියෝජිතයින්ද ඇතුළුව 100 දෙනකු සහභාගි කරවීමට කටයුතු කරන ලෙස කාරුණිකව ඉල්ලා සිටිමි.

[යවන්නාගේ නම],
අතිරේක දිස්ත්‍රික් ලේකම්,
දිස්ත්‍රික් ලේකම් වෙනුවට."
INV015,invitation,formal,si,නවක කළමනාකරණ සහකාරවරුන් වැඩමුළුවට කැඳවීම,"[දිනය]

01. [නම] මිය - කළමනාකරණ සහකාර
02. [නම] මිය - කළමනාකරණ සහකාර

පළාත් පාලන ආයතන කාර්යාල කළමනාකරණය සම්බන්ධයෙන් නවක කළමනාකරණ සහකාරවරුන් දැනුවත් කිරීමේ වැඩමුළුව

උක්ත කරුණ සම්බන්ධයෙන් පළාත් පාලන කොමසාරිස්ගේ අංක [ලිපි අංකය] හා [දිනය] දිනැති ලිපිය හා බැඳේ.

02. ඒ අනුව [දිනය] දෙදින [වේලාව] සිට [වේලාව] දක්වා [ආයතනයේ නම], [ගම/නගරය] දී පැවැත්වීමට නියමිත ඉහත වැඩමුළුව සඳහා [ආයතනයේ නම] නියෝජනය කරමින් සහභාගී වන ලෙස කාරුණිකව දන්වමි.

03. පුහුණු වැඩසටහන අවසානයේ ඔබ ලැබූ පුහුණුව සම්බන්ධව වාර්තාවක් නියමිත ආකෘතිය පරිදි සම්පූර්ණකර ආයතන අංශය වෙත අනිවාර්යයෙන්ම ලබා දෙන මෙන් ද දන්වමි.

මෙම වැඩමුළුවට සහභාගී වීමේදී අවශ්‍ය දේශන සටහන් කර ගැනීම සඳහා සී.ආර්. පොතක්ද රැගෙන යන ලෙස වැඩිදුරටත් මෙයින් දන්වමි.

නාගරික කොමසාරිස්,
[ගම/නගරය]."
INV016,invitation,formal,si,කාර්යාල කළමනාකරණ දෙදින වැඩමුළුවට නිලධාරීන් යොමු කිරීම,"ගරු නගරාධිපතිතුමා,
[ආයතනයේ නම].

ගරු නගරාධිපතිතුමණි,

පළාත් පාලන ආයතන කාර්යාල කළමනාකරණය සම්බන්ධයෙන් නවක කළමනාකරණ සහකාරවරුන් දැනුවත් කිරීමේ වැඩමුළුව

පළාත් පාලන ආයතන කාර්යාල කළමනාකරණයේදී කාර්යාල සැලසුම් කිරීම, කාර්යාල පිරිසැකසුම හා වැඩ බෙදීම, බලතල හා කාර්යය පැවරීම, කාර්යාල තොරතුරු ක්‍රම පවත්වාගෙන යාම මඟින් ඉහළ කාර්ය සාධනයක් සඳහා කාර්යාල සූදානම්ව තැබීම සම්බන්ධයෙන් දැනුවත් කිරීමේ අරමුණ ඇතිව දෙදින වැඩමුළුවක් පළාත් කළමනාකරණ සංවර්ධන පුහුණු ඒකකයේ අනුග්‍රහයෙන් [ආයතනයේ නම] මෙහෙයවීමෙන් පැවැත්වීමට කටයුතු යොදා ඇති බව කාරුණිකව දන්වනු කැමැත්තෙමි.

පැවැත්වෙන දිනය - [දිනය] යන දෙදින [වේලාව] සිට [වේලාව] දක්වා
ස්ථානය - [ආයතනයේ නම], [ලිපිනය].

02. මෙම වැඩමුළුවට පහත නම් සඳහන් නවක කළමනාකරණ සහකාරවරුන් සහභාගී කරවන ලෙස කාරුණිකව ඉල්ලමි. මෙය වැදගත් වැඩමුළුවක් වන බැවින් මේ සඳහා අදාල නිලධාරීන් සහභාගී කරවන ලෙස වැඩිදුරටත් ඉල්ලමි.

මෙම වැඩමුළුවට සහභාගී වන අය පිළිබඳ විස්තර [දිනය] දිනට පෙර ස්ථානභාර නිලධාරී, [ආයතනයේ නම], [ලිපිනය] යන ලිපිනයට එවන මෙන් ඉල්ලන අතර වැඩමුළුවට සහභාගී වන නිලධාරීන්ට අවශ්‍ය දේශන සටහන් කර ගැනීම සඳහා සී.ආර්. පොතක්ද රැගෙන එන ලෙස උපදෙස් දෙන්නේ නම් මැනවි.

03. වැඩමුළුවේ කටයුතු සාර්ථක කර ගැනීම සඳහා ඔබතුමා දක්වන සහාය අතිශයින් අගය කරමි.

මෙයට විශ්වාසී,
[යවන්නාගේ නම],
ස්ථානභාර නිලධාරී."
INV017,invitation,formal,si,රැකියා වැඩසටහනට ආයතන නියෝජිතයන් සහභාගී කරවීම,"දිනය [දිනය]

මානව සම්පත් විධායක,
[ආයතනයේ නම],
[ලිපිනය],
[ගම/නගරය].

[ගම/නගරය] දිස්ත්‍රික් රැකියා 100 වැඩසටහන

[දෙපාර්තමේන්තුව], දිස්ත්‍රික් ලේකම් කාර්යාලීය වෘත්තීය මාර්ගෝපදේශ අංශය හා මහජන රැකියා සේවා මධ්‍යස්ථානය මඟින් සංවිධානය කරන ඉහත සඳහන් වැඩසටහන [දිනය] වැනි දින පෙ.ව. 10.00 සිට ප.ව. 2.00 දක්වා [ගම/නගරය] ප්‍රාදේශීය ලේකම් කාර්යාල පරිශ්‍රයේදී පැවැත්වේ.

මෙම වැඩසටහන සඳහා දිස්ත්‍රික්කය පුරා විසිරී සිටින රැකියා අපේක්ෂිත තරුණ තරුණියන් 200ක් පමණ සහභාගී වේ.

ඔවුන්ගේ අධ්‍යාපන හා වෘත්තීය සුදුසුකම් අනුව එදින ම පෞද්ගලික අංශයේ විවිධ තනතුරු සඳහා යොමුකිරීමට බලාපොරොත්තු වන බැවින් ඔබ ආයතනයට ද මෙම මහඟු අවස්ථාවට සහභාගී වන ලෙස කාරුණිකව දන්වා සිටිමි.

මෙම කාර්යය සඳහා ඔබගේ පැමිණීම ඉතාමත් අගය කොට සලකමි.

[යවන්නාගේ නම],
අතිරේක දිස්ත්‍රික් ලේකම්,
දිස්ත්‍රික් ලේකම් වෙනුවට.

(කරුණාකර, ආයතනයේ පැමිණීම තහවුරු කරගැනීමට හා ස්ථානයේ ඉඩ පහසුකම් සලසා ගැනීම සඳහා [දුරකථන අංකය] අමතන්න.)"
INV018,invitation,formal,si,කල් දැමූ දිස්ත්‍රික් මාසික රැස්වීමට කැඳවීම,"දිනය [දිනය]

ප්‍රාදේශීය ලේකම් මඟින්,
සහකාර සම්පත් සංවර්ධන සහකාර,
ප්‍රාදේශීය ලේකම් කාර්යාලය.

දිස්ත්‍රික් මාසික රැස්වීම.

[අමාත්‍යාංශයේ නම] [දෙපාර්තමේන්තුව] මානව සම්පත් සංවර්ධන සහකාර නිලධාරීන්ගේ සහ වෘත්තීය මාර්ගෝපදේශ නිලධාරීන්ගේ [දිනය] වන දින පැවැත්වීමට නියමිතව තිබූ දිස්ත්‍රික් මාසික රැස්වීමට සහභාගීවීම (සමාරම්භක උත්සවයට සියළුම නිලධාරීන් සහභාගී විය යුතු නිසා) අපහසු බව අදාළ නිලධාරීන් මා වෙත දැනුම් දී ඇත.

02. එම නිසා එදිනට පැවැත්වීමට සංවිධානය කර තිබූ මාසික රැස්වීම [දිනය] දින [ගම/නගරය] දිස්ත්‍රික් ලේකම් කාර්යාලයේ වෘත්තීය මාර්ගෝපදේශ අංශයේදී පැවැත්වීමට කටයුතු සංවිධානය කර ඇති බැවින් එදිනට අනිවාර්යයෙන්ම සහභාගීවන ලෙස කාරුණිකව දන්වමි.

[යවන්නාගේ නම],
සහකාර දිස්ත්‍රික් ලේකම්,
දිස්ත්‍රික් ලේකම් වෙනුවට.

පිටපත - අධ්‍යක්ෂ ජනරාල් - [දෙපාර්තමේන්තුව]."
INV019,invitation,formal,si,සංගණන තොරතුරු එළිදැක්වීමේ සම්මන්ත්‍රණයට සහභාගී වීම,"ජන හා නිවාස සංගණනයේ ප්‍රධාන තොරතුරු එළි දැක්වීමේ සම්මන්ත්‍රණය.

[වර්ෂය] වර්ෂයේ ජන සංගණන හා ප්‍රජා විද්‍යා අංශය විසින් පවත්වන ලද ජන හා නිවාස සංගණනයේ ප්‍රධාන තොරතුරු එළි දැක්වීමේ සම්මන්ත්‍රණයක් මේ වන විටත් පවත්වා ඇත.

එම සම්මන්ත්‍රණ මාලාවේ දෙවන සම්මන්ත්‍රණය [දිනය] වන දින [වේලාව] සිට [වේලාව] දක්වා අධ්‍යක්ෂ ජනරාල්ගේ ප්‍රධානත්වයෙන් [ආයතනයේ නම] ශාලාවේ පැවැත්වීමට කටයුතු යොදා ඇත.

පළමු සම්මන්ත්‍රණය සඳහා සහභාගි නොවූ සංඛ්‍යාලේඛනඥ සහ සංඛ්‍යාලේඛන නිලධාරියෙකු මෙම සම්මන්ත්‍රණයට සහභාගිවන ලෙස කාරුණිකව දන්වා සිටිමි.

තවද සංඛ්‍යාලේඛනඥවරයාට අමතරව සහභාගි වන නිලධාරියා, දිස්ත්‍රික්ක වශයෙන් පවත්වන සම්මන්ත්‍රණ වලදී දේශන පැවැත්වීමට හැකි නිලධාරියෙකු විය යුතු වේ.

තවද රාජකාරි නිවාඩු දින 02 ක් සහ ගමන් වියදම් අධ්‍යක්ෂ ජනරාල් විසින් අනුමත කර ඇත.

ඒ සඳහා නියමිත වේලාවට සහභාගි වන ලෙස දන්වා සිටිමි.

අධ්‍යක්ෂ,
ජන සංගණන හා ප්‍රජා විද්‍යා අංශය.
[යවන්නාගේ නම],
අධ්‍යක්ෂ ජනරාල්."
INV020,invitation,formal,si,දිස්ත්‍රික් සම්බන්ධීකරණ කමිටු රැස්වීමට ගෞරවනීය ආරාධනය,"ගරු මැතිතුමණි,

[ගම/නගරය] දිස්ත්‍රික් සම්බන්ධීකරණ කමිටු රැස්වීම
[දිනය] 

[ගම/නගරය] දිස්ත්‍රික් සම්බන්ධීකරණ කමිටුව, එහි සම සභාපතිත්වය දරණ පළාත් ප්‍රධාන අමාත්‍ය ගරු [නම] මැතිතුමා, දිස්ත්‍රික් පාර්ලිමේන්තු මන්ත්‍රීතුමන්ලා වන ගරු [නම] මැතිතුමා සහ ගරු [නම] මැතිතුමාගේ ප්‍රධානත්වයෙන් [දිනය] දින ප.ව. 1.30 ට දිස්ත්‍රික් ලේකම් කාර්යාල ශ්‍රවණාගාරයේදී පැවැත්වේ.

මෙම රැස්වීමට සහභාගී වන මෙන් ඔබතුමාට ගෞරවයෙන් ආරාධනා කර සිටිමි.

මෙදින පැවැත්වෙන දිස්ත්‍රික් සම්බන්ධීකරණ කමිටුව සඳහා ඉදිරිපත් කිරීමට යෝජනා ඇතොත් [දිනය] දිනට පෙර ඉදිරිපත් කරන ලෙස කාරුණිකව ඉල්ලන අතර, අදාල යෝජනා ප්‍රාදේශීය සම්බන්ධීකරණ කමිටුවලදී විසඳා ගත නොහැකි හා ප්‍රාදේශීය ලේකම් කොට්ඨාස කිහිපයකට හෝ දිස්ත්‍රික්කයකටම පොදුවේ බලපාන යෝජනා පමණක් වියයුතු බව සිහිගන්වමි.

එසේම එදිනෙන් පසුව ඉදිරිපත්වන යෝජනා මෙම රැස්වීමේදී සාකච්ඡාවට ගැනීමට නොහැකි වන බව ද වැඩිදුරටත් දන්වමි.

මෙයට,
විශ්වාසී,
[යවන්නාගේ නම]
දිස්ත්‍රික් ලේකම් / දිසාපති හා දිස්ත්‍රික් සම්බන්ධීකරණ කමිටුවේ ලේකම්."
INV021,invitation,formal,si,ග්‍රාම සංවර්ධන බල මණ්ඩල මහා සභා රැස්වීමට ආරාධනා,"මගේ අංකය : [ලිපි අංකය]
ප්‍රාදේශීය ලේකම් කාර්යාලය,
[ගම/නගරය].
[දිනය]

[ලබන්නාගේ නම] මයා / මිය,
ගරු සභාපති / ලේකම් / භාණ්ඩාගාරික,
[ආයතනයේ නම] ග්‍රාම සංවර්ධන සමිතිය.

ග්‍රාම සංවර්ධන බල මණ්ඩලය ප්‍රති සංවිධානය කිරීම.

මෙම කොට්ඨාශයේ පිහිටුවා ඇති ඉහත බල මණ්ඩලයේ නිල කාලය අවසන් බැවින් ඒවා ප්‍රතිසංවිධානය කළ යුතුව ඇත.

02. මෙම මහා සභා රැස්වීම සියළු ග්‍රාම සංවර්ධන සමිතිවල විධායක මණ්ඩල සාමාජිකයින්ගේ සහභාගීත්වයෙන් [දිනය] දින [වේලාව] ට මෙම කාර්යාලයීය රැස්වීම් ශාලාවේදී පැවැත්වීමට අවශ්‍ය කටයුතු සංවිධානය කර ඇත.

03. ඔබගේ සමිතියේ ඉදිරි වර්ෂයට අදාළ සැළසුම් වාර්තාවද රැගෙන සමිති විධායක මණ්ඩලයේ සාමාජිකයින්ද සමග එදිනට නියමිත පරිදි සහභාගීවන ලෙස කාරුණිකව දන්වමි.

[යවන්නාගේ නම],
ප්‍රාදේශීය ලේකම්,
ප්‍රාදේශීය ලේකම් කාර්යාලය,
[ගම/නගරය]."
INV022,invitation,formal,si,සර්ව ආගමික සමුළුවට පූජකතුමාට ආරාධනා කිරීම,"[ලබන්නාගේ නම] තුමා,
[ආයතනයේ නම],
[ගම/නගරය].

ශුද්ධෝත්තම පියතුමාගේ ශ්‍රී ලංකා සංචාරයට සමගාමීව පැවැත්වෙන සර්ව ආගමික සමුළුව - [දිනය]

අති උතුම් ශුද්ධෝත්තම පියතුමන් සර්ව ආගමික පූජකවරුන් හමුවීමේ වැඩසටහන [දිනය] දින [වේලාව] ට [ආයතනයේ නම] ජාත්‍යන්තර සම්මන්ත්‍රණ ශාලාවේ පැවැත්වේ.

මෙම වැඩසටහන සඳහා මෙම කොට්ඨාශයෙන් ඔබතුමාව තෝරාගෙන ඇති අතර මෙය ඉතා වැදගත් ජාතික උත්සවයක් බැවින් ඔබගේ සහභාගිත්වය ඉතා වැදගත් බව දන්වා සිටිමි.

එදින [වේලාව] ට [ලිපිනය] පිහිටි ශාලාවට යායුතු අතර එදින දිවා ආහාරය එම ශාලාවේදී ලබා දීමට කටයුතු කර ඇති බව කාරුණිකව දන්වමි.

මේ සඳහා සහභාගී වීම පිණිස දිස්ත්‍රික් ලේකම් කාර්යාලයේ වාහනයක් ප්‍රවාහන පහසුකම් සඳහා සුදානම් ඇති අතර එම රථය දිස්ත්‍රික් ලේකම් කාර්යාල භූමියෙන් [වේලාව] ට පිටත්වීමට නියමිතය.

එබැවින් මේ සඳහා සහභාගි වන ලෙස කාරුණිකව දන්වා සිටිමි.

මේ සම්බන්ධයෙන් විස්තර අවශ්‍ය වන්නේ නම් [දුරකථන අංකය] අමතා ලබා ගත හැකි බව වැඩිදුරටත් දන්වමි.

[යවන්නාගේ නම]."
INV023,invitation,formal,si,සම්බන්ධීකරණ කමිටු රැස්වීමට නිලධාරීන් සහභාගී කරවීම,"ප්‍රාදේශීය සම්බන්ධීකරණ කමිටු තීරණ දැනුම්දීම.

ආපදා අවදානම් හේතුවෙන් නැවත පදිංචි නොකළ යුතු පවුල් සදහා ඉඩම් ලබාදීමට අදාළව [ගම/නගරය] ග්‍රාම නිලධාරී වසමේ [ලිපිනය] වත්තේ වගාව සහිත ඉඩමෙන් කොටසක් ලබාදීමට සුදුසු බව [දිනය] වන දින මෙම කාර්යාලයේ පැවැති ප්‍රාදේශීය සම්බන්ධීකරණ කමිටු රැස්වීමේ දී කරුණු අනාවරණය විය.

ඒ අනුව මේ සදහා පවරාදීමට සුදුසු ඉඩම නිශ්චිතව හඳුනා ගැනීම සඳහා ඔබ ආයතනයේ නිලධාරී මහතෙකු සම්බන්ධ කරවන ලෙස ද, ඉදිරියේදී පැවැත්වෙන ප්‍රාදේශීය සම්බන්ධීකරණ කමිටු රැස්වීම සදහා [ආයතනයේ නම] නිලධාරී මහතෙකු සහභාගි කරවීමට ද පියවර ගන්නා ලෙස කාරුණිකව ඉල්ලා සිටිමි.

[යවන්නාගේ නම],
ප්‍රාදේශීය ලේකම්,
[ගම/නගරය]."
INV024,invitation,formal,si,කොට්ඨාශ දින රැස්වීමේදී දැනුවත් කිරීමේ වැඩමුළුවට අවස්ථාව,"[ආයතනයේ නම] කාර්ය භාරය හා එමඟින් ලබාගත හැකි සේවා සම්බන්ධයෙන් මහජනතාව දැනුවත් කිරීමේ වැඩ සටහන

උක්ත කරුණ සම්බන්ධයෙන් ඔබේ සමාංක හා [දිනය] දිනැතිව [ගම/නගරය] දිස්ත්‍රික් ලේකම් වෙත ඉදිරිපත් කර තිබූ ලිපිය හා බැදේ.

ඒ අනුව [දිනය] දින [වේලාව]ට පැවැත්වෙන කොට්ඨාශ දින රැස්වීමේදී කෙටි වෙලාවක් මෙම කාර්යාලයේ නිලධාරීන් දැනුවත් කිරීම සඳහා වැඩමුළුව පැවැත්වීමට අවස්ථාව ලබා දිය හැකි බව කාරුණිකව සඳහන් කරමි.

[යවන්නාගේ නම],
ප්‍රාදේශීය ලේකම්,
[ගම/නගරය]."
INV025,invitation,formal,si,කුඩා කර්මාන්තකරුවන් සඳහා දැනුවත් කිරීමේ සාකච්ඡාව,"මගේ අංකය - [ලිපි අංකය]

ප්‍රාදේශීය ලේකම්,
ප්‍රාදේශීය ලේකම් කාර්යාලය,
[ගම/නගරය],
[දිනය]

[ලබන්නාගේ නම],
[ලිපිනය],

මහත්මයාණෙනි / මහත්මියණි,

කුඩා කර්මාන්තකරුවන් හඳුනාගැනීම

[ගම/නගරය] කොට්ටාශයේ සිටින කුඩා කර්මාන්තකරුවන් නගා සිටුවීමේ වැඩසටහනක් ක්‍රියාත්මක කිරීමට ප්‍රාදේශීය ලේකම් කාර්යාලය විසින් කටයුතු සැලසුම් කර ඇත.

ඔබ, [ගම/නගරය] වසමේ කුඩා කර්මාන්තයක් පවත්වා ගෙන යන අයෙකු වශයෙන් [ආයතනයේ නම] ග්‍රාම සංවර්ධන සමිතිය / විදාතා මධ්‍යස්ථානය විසින් අප වෙත වාර්තා කර ඇත.

ඒ අනුව ඔබගේ කර්මාන්තය පිළිබඳව තොරතුරු ලබාගැනීම හා එය වැඩ දියුණු කරගැනීම සඳහා අප හට ලබා දිය හැකි සේවාවන් පිළිබඳව දැනුවත් කිරීමේ සාකච්ඡාවක් [දිනය] දින පැවැත්වීමට කටයුතු සූදානම් කර ඇති බැවින් එදින පෙ.ව. 10.00ට ප්‍රාදේශීය ලේකම් කාර්යාලයේ රැස්වීම් ශාලාවට පැමිණෙන මෙන් කාරුණිකව දන්වමි.

[යවන්නාගේ නම],
සහකාර ප්‍රාදේශීය ලේකම්,
ප්‍රාදේශීය ලේකම් වෙනුවට."
INV026,invitation,formal,si,බිම්මල් වගාව පිළිබඳ පුහුණු වැඩසටහනට ආරාධනා,"මගේ අංකය :- [ලිපි අංකය]
ඔබේ අංකය :-
දිනය :- [දිනය]

[ලබන්නාගේ නම],
[ලිපිනය],

මහත්මයාණෙනි / මහත්මියණි,

බිම්මල් නිෂ්පාදනය සහ බිම්මල් ආශ්‍රිත රෝග පිලිබඳ පුහුණු වැඩසටහන

[ගම/නගරය] ප්‍රාදේශීය ලේකම් කොට්ඨාශයේ විදාතා සම්පත් මධ්‍යස්ථානය මඟින් බිම්මල් වගාව පිලිබඳව හා බිම්මල් ආශ්‍රිත රෝග පිළිබඳව දැනුවත් කිරීමේ පුහුණු වැඩ සටහනක් [දිනය] දින [වේලාව] සිට [වේලාව] දක්වා [ආයතනයේ නම] ශ්‍රවනාගාරයේදී පැවැත්වීමට කටයුතු සූදානම් කර ඇත.

ව්‍යාපාරයක් ලෙස බිම්මල් වගාව ආරම්භ කිරීමට අදහසක් ඇති හා දැනට ව්‍යාපාරයක් ලෙස බිම්මල් වගාව කරගෙන යන අයට ඉතාමත් වැදගත් වන මෙම වැඩමුළුව සඳහා සහභාගී වන මෙන් කාරුණිකව දන්වමි.

සහභාගී වීමට කැමති වෙනත් අය සිටියි නම් මේ සඳහා සහභාගී විය හැකි බව තවදුරටත් දන්වමි.

මෙයට විශ්වාසී,
[යවන්නාගේ නම]"
APP003,application,formal,si,නඩුවකට සාක්ෂි දීම සඳහා කොට්ඨාසයෙන් බැහැරව යාමට අවසර ඉල්ලීම,"[ආයතනයේ නම],
[ලිපිනය].
[දිනය]

සහකාර පොලිස් අධිකාරිතුමා,
[ආයතනයේ නම],
[ලිපිනය].

[ලිපි අංකය] දරන නඩුවට සාක්ෂි දීම සඳහා කොට්ඨාසයෙන් පිටතට යාමට අවසර ඉල්ලීම - [නම]

රථ වාහන අංශයට අනුයුක්තව රාජකාරි කරනු ලබන [නම] නිලධාරියා හට [දිනය] දින [ගම/නගරය] අධිකරණයේ විභාග වන [ලිපි අංකය] දරන නඩුවට සාක්ෂි දීම සඳහා [දිනය] වෙනි දින රාජකාරියෙන් පසු කොට්ඨාසයෙන් බැහැර යාම සඳහා අවසර ඉල්ලා අයදුම්පතක් ඉදිරිපත් කර ඇත.

නිලධාරියාට [දිනය] වෙනි දින රාජකාරියෙන් පසු කොට්ඨාසයෙන් බැහැරව යාමට අවසර ලබා දීමට සුදුසු බවට නිර්දේශ කර අනුමැතිය සඳහා ඔබතුමා වෙත ඉදිරිපත් කරමි.

මූලස්ථාන ප්‍රධාන පොලිස් පරීක්ෂක,
[ලිපිනය]."
APP004,application,formal,si,ත්‍රස්ත ක්‍රියා හේතුවෙන් වූ දේපල හානි වන්දි ඉල්ලුම්පත ඉදිරිපත් කිරීම,"මගේ අංකය - [ලිපි අංකය]
දිනය - [දිනය]

දිසාපතිතුමා,
[ආයතනයේ නම],
[ලිපිනය].

ත්‍රස්තවාදි කටයුතු හා ඒ හා සම්බන්ධ ක්‍රියාකාරකම් හේතුවෙන් හානියට පත් සාමාන්‍ය ජනතාව හා රජයේ සේවකයින්ට දේපල හානි වන්දි ගෙවීමේ සැලැස්ම

පසුගිය කාලයේ සිදු වූ ත්‍රස්ත ක්‍රියා හේතුවෙන් විපතට පත් අප ප්‍රාදේශීය ලේකම් කොට්ඨාසයේ පහත සඳහන් ඉල්ලුම්කරුගේ වන්දි ගෙවීම් ඉල්ලුම්පත සම්බන්ධ ලිපි ගොණුව (01) නිර්දේශ කර මේ සමග අමුණා ඉදිරිපත් කරන බව කාරුණිකව දැනුම් දෙමි.

නම - [නම]
ලිපිගොනු අංකය - [ලිපි අංකය]

ප්‍රාදේශීය ලේකම්,
[ලිපිනය]."
APP005,application,formal,si,පුනරාවර්තන වියදම් සඳහා අක්මුදල් ලබා ගැනීමට ඉල්ලුම් කිරීම,"මගේ අංකය :- [ලිපි අංකය]
දිනය :- [දිනය]

අධ්‍යක්ෂ ජනරාල්,
[ආයතනයේ නම],
[ලිපිනය].

[දිනය] මස අක්මුදල් අයදුම්පත්‍රයට අදාල පුනරාවර්තන වියදම් වලට අදාල වැය සවිස්තර වියදම් වාර්තාව

වැය විෂය අංකය - විස්තරය - අවශ්‍ය මුදල (රු)
ලිපිද්‍රව්‍ය වියදම් - [මුදල]
ඉන්ධන වියදම් - [මුදල]
වාහන නඩත්තු වියදම් - [මුදල]
දුරකථන ගාස්තු - [මුදල]
ගොඩනැගිලි කුලිය - [මුදල]
අතිකාල හා ගමන් වියදම් - [මුදල]
එකතුව - [මුදල]

උක්ත වියදම් වලට අදාල වව්චර්පත්‍ර වලින් වැඩි ප්‍රමාණයක් මේ වන විට ගෙවීම් කිරීම සඳහා ගිණුම් අංශය වෙත දැනටමත් ලැබී ඇති බැවින් අදාල ගෙවීම් කටයුතු කඩිනමින් ඉටුකිරීම සඳහා මෙම ඉල්ලා ඇති අක්මුදල් ප්‍රමාණය අමාත්‍යාංශය වෙත ලබා දෙන මෙන් කාරුණිකව දන්වා සිටිමි.

[යවන්නාගේ නම],
ගණකාධිකාරි,
[ආයතනයේ නම]."
APP006,application,formal,si,වෛද්‍ය ප්‍රතිකාර සඳහා ජනාධිපති අරමුදලින් මූල්‍යාධාර ඉල්ලුම් කිරීම,"මගේ අංකය - [ලිපි අංකය]
දිනය - [දිනය]

ලේකම්,
[ආයතනයේ නම],
[ලිපිනය].

වෛද්‍ය ප්‍රතිකාර ලබා ගැනීම සඳහා ජනාධිපති අරමුදලින් මූල්‍යාධාරයක් ඉල්ලීම - [නම] මයා

උක්ත කරුණ සම්බන්ධ ඔබේ අංක [ලිපි අංකය] හා [දිනය] දිනැති ලිපිය හා බැඳේ.

[ගම/නගරය] ප්‍රාදේශීය ලේකම් කොට්ඨාශයේ [ලිපිනය] ලිපිනයෙහි පදිංචි [නම] මහතාගේ වෛද්‍ය ආධාර අයදුම්පතේ අංක [අංකය], [අංකය], [අංකය] හා [අංකය] ඡේද යටතේ වූ මාගේ නිරීක්ෂණ පහත පරිදි වේ.

ඡේද අංක [අංකය] - රෝගියාගේ පවුලේ විස්තර හා ආදායම් පිළිබඳව අයදුම් පත්‍රයේ සඳහන් තොරතුරු නිවැරදිය.
ඡේද අංක [අංකය] - නිශ්චල හා චංචල දේපල පිළිබඳව අයදුම් පත්‍රයේ සඳහන් තොරතුරු නිවැරදිය.
ඡේද අංක [අංකය] - යෝජිත ප්‍රතිකාර සඳහා අවශ්‍ය මුදල සොයාගෙන ඇති ආකාරය පිළිබඳව අයදුම් පත්‍රයේ සඳහන් තොරතුරු නිවැරදිය.
ඡේද අංක [අංකය] - රෝගියා මීට පෙර ජනාධිපති අරමුදලින් මූල්‍යාධාර ලබාගෙන නැත.

ඉහත නිරීක්ෂණ අනුව රෝගියාට ජනාධිපති අරමුදලින් මූල්‍යාධාරයක් ලබාදීම සුදුසු බව නිර්දේශ කර කාරුණිකව ඉදිරිපත් කරමි.

[යවන්නාගේ නම],
ප්‍රාදේශීය ලේකම්."
APP007,application,formal,si,අග්‍රහාර වෛද්‍ය රක්ෂණ ප්‍රතිලාභ අයදුම්පත ඉදිරිපත් කිරීම,"ප්‍රධාන විධායක නිලධාරී,
[ආයතනයේ නම],
[ලිපිනය].

මහත්මයාණෙනි,

අග්‍රහාර වෛද්‍ය රක්ෂණ ප්‍රතිලාභ ඉල්ලීම - [දිනය]

මෙම කාර්යාලයට අනුයුක්තව සේවය කරන සංවර්ධන නිලධාරී [නම] මහත්මිය විසින් වෙනත් රෝග සඳහා මා වෙත ඉදිරිපත් කරන ලද අග්‍රහාර වෛද්‍ය රක්ෂණ ප්‍රතිලාභ අයදුම්පත, වෛද්‍ය බිල්පත් හා පහත සඳහන් ලියවිලි මාගේ නිර්දේශය සහිතව අවශ්‍ය කටයුතු සඳහා මේ සමග ඉදිරිපත් කරන බව කාරුණිකව දන්වමි.

01. රෝග නිශ්චය කාඩ් පතේ සහතික කරන ලද පිටපත.
02. ජාතික හැදුනුම්පතේ සහතික කරන ලද පිටපත.
03. උප්පැන්න සහතිකයේ සහතික කරන ලද පිටපත.

මෙයට,
ඔබේ සේවයට කැපවූ,
[යවන්නාගේ නම],
පරිපාලන නිලධාරී,
ප්‍රාදේශීය ලේකම් වෙනුවට."
APP008,application,formal,si,ඇස් කණ්ණාඩි සඳහා අග්‍රහාර රක්ෂණ ප්‍රතිලාභ ඉල්ලීම,"ප්‍රධාන විධායක නිලධාරී,
[ආයතනයේ නම],
[ලිපිනය].

මහත්මයාණෙනි,

අග්‍රහාර වෛද්‍ය රක්ෂණ ප්‍රතිලාභ ඉල්ලීම - [දිනය]

මෙම කාර්යාලයට අනුයුක්තව සේවය කරන රාජ්‍ය කළමනාකරණ සහකාර [නම] මහත්මිය විසින් ඇස් කණ්ණාඩි ලබා ගැනීම සඳහා මා වෙත ඉදිරිපත් කරන ලද අග්‍රහාර වෛද්‍ය රක්ෂණ ප්‍රතිලාභ අයදුම්පත, වෛද්‍ය බිල්පත් හා පහත සඳහන් ලියවිලි මාගේ නිර්දේශය සහිතව අවශ්‍ය කටයුතු සඳහා මේ සමග ඉදිරිපත් කරන බව කාරුණිකව දන්වමි.

01. ඇස් පරික්ෂා කිරීමට වෛද්‍යවරයා ඉදිරිපත් කරන සහතිකය.
02. කණ්ණාඩි මිලදී ගත් බිල්පත.
03. ජාතික හැදුනුම්පතේ සහතික කරන ලද පිටපත.

මෙයට,
ඔබේ සේවයට කැපවූ,
[යවන්නාගේ නම],
පරිපාලන නිලධාරී."
APP009,application,formal,si,දරු උපතක් සඳහා අග්‍රහාර රක්ෂණ ප්‍රතිලාභ අයදුම්පත යොමු කිරීම,"ප්‍රධාන විධායක නිලධාරී,
[ආයතනයේ නම],
[ලිපිනය].

මහත්මයාණෙනි,

අග්‍රහාර වෛද්‍ය රක්ෂණ ප්‍රතිලාභ ඉල්ලීම - [දිනය]
[නම] මයා - කාර්යාල සේවක සේවය

මෙම කාර්යාලයට අනුයුක්තව සේවය කරන ඉහත නම් සඳහන් සේවක මහතා විසින් මා වෙත ඉදිරිපත් කර ඇති දරු උපතක් සඳහා වූ අග්‍රහාර වෛද්‍ය රක්ෂණ ප්‍රතිලාභ අයදුම්පත, ඊට අදාළ වෛද්‍ය බිල්පත් හා පහත සඳහන් ලියවිලි මගේ නිර්දේශය සහිතව අවශ්‍ය කටයුතු සඳහා මේ සමග ඉදිරිපත් කරන බව කාරුණිකව දන්වමි.

01. රෝග නිශ්චය කාඩ්පතේ සහතික කරන ලද පිටපත.
02. දරුවාගේ උප්පැන්න සහතිකයේ සහතික කරන ලද පිටපත.
03. මවගේ උප්පැන්න සහතිකයේ සහතික කරන ලද පිටපත.
04. පියාගේ උප්පැන්න සහතිකයේ සහතික කරන ලද පිටපත.
05. විවාහ සහතිකයේ සහතික කරන ලද පිටපත.
06. මවගේ ජාතික හැදුනුම්පතේ සහතික කරන ලද පිටපත.
07. පියාගේ ජාතික හැදුනුම්පතේ සහතික කරන ලද පිටපත.

මෙයට - ඔබේ සේවයට කැපවූ,
[යවන්නාගේ නම],
සහකාර ප්‍රාදේශීය ලේකම්,
ප්‍රාදේශීය ලේකම් වෙනුවට."
APP010,application,formal,si,අක්ෂි කාච ලබා ගැනීම සඳහා අයදුම්පත ඉදිරිපත් කිරීම,"අධ්‍යක්ෂ,
[ආයතනයේ නම],
[ලිපිනය].

අක්ෂි කාච ලබා ගැනීම

උක්ත කරුණට අදාලව පහත නම් සඳහන් අයගේ අක්ෂි කාච ලබා ගැනීම සඳහා ප්‍රාදේශීය ලේකම්ගේ නිර්දේශය සහිත වෛද්‍ය වාර්තාව සමග අයදුම්පත අවශ්‍ය කටයුතු සඳහා මේ සමග අමුණා එවන බව කාරුණිකව දන්වා සිටිමි.

ප්‍රාදේශීය ලේකම්,
[ලිපිනය]."
APP011,application,formal,si,ජ්‍යෙෂ්ඨ පුරවැසියන්ට නොමිලේ අක්ෂි කාච ලබා දීමට අයදුම් කිරීම,"වයස අවුරුදු 60 ට වැඩි ජ්‍යෙෂ්ඨ පුරවැසියන් සඳහා නොමිලේ අක්ෂි කාච ලබා දීම

උක්ත කරුණට අදාළව මෙම කොට්ඨාශයේ පහත නම් සඳහන් අය විසින් නොමිලේ අක්ෂි කාච ලබා ගැනීම සඳහා අයදුම්පත් ඉදිරිපත් කර ඇත.

අයදුම්කරු අවශ්‍ය සුදුසුකම් සපුරා ඇති බැවින් අදාළ තොරතුරු සඳහන් කර නොමිලේ අක්ෂි කාච ලබා දීම සුදුසු බව නිර්දේශ කර අවශ්‍ය කටයුතු සඳහා ඔබ වෙත යොමු කරන බව කාරුණිකව දන්වමි.

[යවන්නාගේ නම],
සහකාර ප්‍රාදේශීය ලේකම්,
ප්‍රාදේශීය ලේකම් වෙනුවට."
APP012,application,formal,si,පුහුණු අවශ්‍යතා සඳහා නිලධාරීන්ගේ ඉල්ලුම්පත් නිර්දේශ කර යැවීම,"ලේඛකාධිකාරී,
[ආයතනයේ නම],
[ලිපිනය].

පුහුණු අවශ්‍යතා අයදුම්පත් - [දිනය]
[ආයතනයේ නම]

ප්‍රාදේශීය මහ ලේකම් කාර්යාලයේ නිලධාරීන් විසින් ඔබ ආයතනයේ පුහුණු අවශ්‍යතා සඳහා ඉල්ලුම්පත් ඉදිරිපත් කර ඇත.

2. ඒ අනුව එම අයදුම්පත් නිර්දේශ කර මේ සමග එවන බව කාරුණිකව දන්වමි.

[නම] - සංවර්ධන නිලධාරී

[යවන්නාගේ නම],
සහකාර ප්‍රාදේශීය ලේකම්,
ප්‍රාදේශීය ලේකම් වෙනුවට,
[ලිපිනය]."
APP013,application,formal,si,කළමනාකරණ මට්ටමේ පුහුණු පාඨමාලාවක් සඳහා අයදුම්පත යොමු කිරීම,"දිනය - [දිනය]

ලේඛකාධීකාරී,
[ආයතනයේ නම],
[ලිපිනය].

කළමනාකරණ මට්ටමේ නිලධාරීන් සඳහා වන පුහුණු වැඩසටහන - [දිනය]

උක්ත පුහුණු පාඨමාලාව සඳහා පහත නම සඳහන් නිලධාරියා විසින් ඉදිරිපත් කරන ලද අයදුම්පත අවශ්‍ය කටයුතු සඳහා මේ සමඟ ඉදිරිපත් කරන බව කාරුණිකව දැනුම් දෙමි.

01. [නම] - සහකාර ප්‍රාදේශීය ලේකම්

[යවන්නාගේ නම],
ප්‍රාදේශීය ලේකම්,
[ලිපිනය]."
APP014,application,formal,si,ආපදා ණය අයදුම්පතට අදාළ අඩුපාඩු ලිපි ලේඛන ඉදිරිපත් කිරීම,"මගේ අංකය - [ලිපි අංකය]
දිනය :- [දිනය]

ලේකම්,
[ආයතනයේ නම],
[ලිපිනය].

ආපදා ණය ඉල්ලුම්පත
[නම] - සංවර්ධන නිලධාරී

ඔබ විසින් [දිනය] වන දින යොමු කරන ඉහත නම සඳහන් නිලධාරිණියගේ අසම්පූර්ණ ආපදා ණය අයදුම්පතට අදාළ අඩුපාඩු ලිපි ලේඛන ඉදිරි කටයුතු සඳහා මේ සමඟ එවන බව කාරුණිකව දන්වමි.

1. අයදුම්කරුගේ නව වැටුප් විස්තරය
2. ඇපකරුගේ නව වැටුප් විස්තරය
3. ඇප බැදුම්කරයේ අයදුම්කරුගේ අත්සන / අත්සනට සාක්ෂි
4. ඇප බැදුම්කරයේ ඇපකරුගේ අත්සන / අත්සනට සාක්ෂි
5. ගෞරව බහුමාන ප්‍රකාශය
6. [මුදල] මුද්දරයක් අලවා අයදුම්කරු අත්සන් කරන ලද පොදු 35 වවුචරය

[යවන්නාගේ නම],
ප්‍රාදේශීය ලේකම්,
[ලිපිනය]."
APP015,application,formal,si,හින්දු කෝවිලක් ලියාපදිංචි කිරීම සඳහා අයදුම්පත ඉදිරිපත් කිරීම,"අධ්‍යක්ෂ,
[ආයතනයේ නම],
[ලිපිනය].

හින්දු කෝවිල් ලියාපදිංචි කිරීම

මෙම කොට්ඨාශයේ [ලිපිනය] හි පිහිටා ඇති [ආයතනයේ නම] කෝවිල ලියාපදිංචි කිරීම සඳහා මා වෙත අයදුම්පතක් යොමු කර ඇත.

02. ඒ අනුව, එම අයදුම්පත නිර්දේශ කර අවශ්‍ය කටයුතු සදහා මේ සමග ඉදිරිපත් කරන බව කාරුණිකව දන්වමි.

[යවන්නාගේ නම],
ප්‍රාදේශීය ලේකම්,
[ලිපිනය]."
APP016,application,formal,si,නිලධාරීන්ගේ උත්සව අත්තිකාරම් ඉල්ලුම්පත් ඉදිරිපත් කිරීම,"මගේ අංකය - [ලිපි අංකය]
දිනය - [දිනය]

ලේකම්,
[ආයතනයේ නම],
[ලිපිනය].

උත්සව අත්තිකාරම් - [දිනය]

ඔබ අමාත්‍යාංශය යටතේ අප ප්‍රාදේශීය ලේකම් කාර්යාලයට අනුයුක්තව සේවය කරන පහත නම් සඳහන් නිලධාරින්ගේ උත්සව අත්තිකාරම් ඉල්ලීමේ අයදුම්පත්‍ර ඉදිරි කටයුතු සඳහා මේ සමඟ එවන බව කාරුණිකව දන්වමි.

1. [නම] මිය - විමර්ශණ සහකාර (ඉඩම් අත්පත්)
2. [නම] මිය - සංවර්ධන නිලධාරී

[යවන්නාගේ නම],
ප්‍රාදේශීය ලේකම්,
[ලිපිනය]."
APP017,application,formal,si,අග්‍රහාර රන් හා රිදී යෝජනා ක්‍රමය සඳහා දායකත්ව අයදුම්පත් යැවීම,"මගේ අංකය - [ලිපි අංකය]
දිනය - [දිනය]

ප්‍රධාන විධායක නිලධාරී,
[ආයතනයේ නම],
[ලිපිනය].

රාජ්‍ය නිලධරයන් සඳහා වූ නව රක්ෂණ ක්‍රමයක් ස්ථාපිත කිරීම (අග්‍රහාර)

උක්ත කරුණට අදාළව [ලිපි අංකය] හා බැඳේ.

02. ඒ අනුව රන් හා රිදී යෝජනා ක්‍රමය සඳහා දායක වන අප කාර්යාලීය නිලධාරීන්ගේ කැමැත්ත ඇමුණුම් අංක 03 අයදුම්පත් මඟින් ඉදිරි කටයුතු සඳහා මේ සමඟ යොමු කරමි.

රන් යෝජනා ක්‍රමය සඳහා දායක වන නිලධාරීන්ගේ නාම ලේඛණය
[නම් ලේඛනය]"
APP018,application,formal,si,වාර්ෂික පුහුණු වැඩසටහන් සඳහා නිර්දේශිත අයදුම්පත් යැවීම,"මගේ අංකය - [ලිපි අංකය]
ඔබේ අංකය - [ලිපි අංකය]
දිනය - [දිනය]

අධ්‍යක්ෂ,
[ආයතනයේ නම],
[ලිපිනය].

වාර්ෂික පුහුණු වැඩසටහන් ක්‍රියාත්මක කිරීම - [දිනය]

උක්ත කරුණ සම්බන්ධයෙන් [ලිපි අංකය] හා [දිනය] දිනැති ලිපිය හා බැඳේ.

2. ඒ අනුව ප්‍රාදේශීය ලේකම් කාර්යාලයේ නිලධාරීන්ගේ පුහුණු අවශ්‍යතා ඇතුළත් නිර්දේශිත අයදුම්පත් මේ සමග එවන බව කාරුණිකව දන්වමි.

01. [නම] - සංවර්ධන නිලධාරී

[යවන්නාගේ නම],
සහකාර ප්‍රාදේශීය ලේකම්,
ප්‍රාදේශීය ලේකම් වෙනුවට,
[ලිපිනය]."
APP019,application,formal,si,මහපොළ ශිෂ්‍යත්වය සඳහා අයදුම්පත ඉදිරිපත් කිරීම,"මගේ අංකය - [ලිපි අංකය]

අතිරේක ලේකම්,
[ආයතනයේ නම],
[ලිපිනය].

මහපොළ ශිෂ්‍යත්වය සඳහා අයදුම්පත ඉදිරිපත් කිරීම

උක්ත කරුණට අදාලව විභාග අංක [ලියාපදිංචි අංකය] දරණ [නම] විසින් ලබා දී ඇති මහපොල ශිෂ්‍යත්ව අයදුම්පත අවශ්‍ය කටයුතු සදහා මේ සමග කාරුණිකව ඉදිරිපත් කරමි.

[යවන්නාගේ නම],
ප්‍රාදේශීය ලේකම්,
[ලිපිනය]."
APP020,application,formal,si,අධ්‍යාපන ආධාර වැඩසටහන සඳහා සිසුවියක නිර්දේශ කිරීම,"කොමසාරිස්,
[ආයතනයේ නම],
[ලිපිනය].

නැණ දිරිය අධ්‍යාපන ආධාර වැඩසටහන සඳහා සිසුන් නිර්දේශ කිරීම

උක්ත කරුණ සම්බන්ධයෙන් ඔබගේ අංක [ලිපි අංකය] හා [දිනය] දිනැති ලිපිය හා සම්බන්ධවයි.

02. ඒ අනුව [ලිපිනය] හි පදිංචි [නම] යන අයගේ දැරිය වන [නම] ගේ ජාතික හැදුනුම්පතෙහි සහතික කරන ලද ජායා පිටපත අවශ්‍ය කටයුතු සදහා මේ සමග කාරුණිකව ඉදිරිපත් කරමි.

[යවන්නාගේ නම],
ප්‍රාදේශීය ලේකම්."
APP021,application,formal,si,රක්ෂණ අරමුදලේ දායකත්වය ලබා ගැනීමට අයදුම්පත ඉදිරිපත් කිරීම,"සභාපති,
[ආයතනයේ නම],
[ලිපිනය].

[ආයතනයේ නම] දායකත්වය ලබා ගැනීම

[නම]

මෙම කාර්යාලයට අනුයුක්තව සේවය කරන ඉහත නම සඳහන් නිලධාරිණිය/නිලධාරියා විසින් රක්ෂණ අරමුදලේ දායකත්වය ලබා ගැනීම සඳහා සම්පූර්ණ කර මා වෙත භාර දී ඇති අයදුම්පත සහ පහත දක්වා ඇති ලියවිලි අවශ්‍ය කටයුතු සඳහා මේ සමඟ කාරුණිකව ඉදිරිපත් කරමි.

1. අග්‍රහාර අයදුම්පත.
2. නිලධාරිණියගේ/නිලධාරියාගේ අංක [ලියාපදිංචි අංකය] දරණ උප්පැන්න සහතිකයේ සහතික කළ ඡායා පිටපතක්.
3. නිලධාරිණියගේ/නිලධාරියාගේ/පියාගේ/මවගේ/ස්වාමි පුරුෂයාගේ/භාර්යාවගේ/දරුවන්ගේ [ලියාපදිංචි අංකය] දරණ උප්පැන්න සහතික වල සහතික කළ ඡායා පිටපත්.
4. නිලධාරිණියගේ/නිලධාරියාගේ අංක [ජා.හැ. අංකය] දරණ ජාතික හැඳුනුම්පත හා කලත්‍රයාගේ [ජා.හැ. අංකය] දරණ ජාතික හැඳුනුම්පතේ සහතික කල ඡායා පිටපත්.
5. නිලධාරිණියගේ/නිලධාරියාගේ අංක [ලියාපදිංචි අංකය] දරණ විවාහ සහතිකයේ සහතික කළ ඡායා පිටපතක්.
6. නිලධාරිණියගේ/නිලධාරියාගේ [දිනය] මාසයට අදාළ වැටුප් පතෙහි සහතික කළ ඡායා පිටපතක්.
7. නිලධාරිණියගේ/නිලධාරියාගේ ස්ථිර පත්වීම් ලිපියේ සහතික කළ ඡායා පිටපතක්."
APP022,application,formal,si,විනාකිරි බලපත්‍රයේ කාලය දීර්ඝ කිරීම සඳහා වාර්තාව ඉදිරිපත් කිරීම,"නව විනාකිරි බලපත්‍රයක් නිකුත් කිරීම සඳහා වාර්තා කැඳවීම - සුදු විනාකිරි නිෂ්පාදකයෝ

[දිනය] දිනැති ලිපිය මගින් සුදු විනාකිරි නිෂ්පාදනාගාරයේ අයිතිකරු වන [නම] යන අය විසින් විනාකිරි බලපත්‍රයේ කාලය දීර්ඝ කරගැනීම සඳහා වාර්තාවක් ලබාදෙන ලෙස ඉල්ලීමක් කරන ලදී.

ඒ අනුව මා විසින් [ගම/නගරය] ග්‍රාම නිලධාරී වෙතින් වාර්තාවක් කැඳවන ලදී.

[දිනය] දිනැතිව [නම] ඇතුළු පිරිසක් විසින් ඉහත සඳහන් කරන ලද විනාකිරි නිෂ්පාදනාගාරය සම්බන්ධයෙන් විරෝධතා ඉදිරිපත් කරන ලදී. එම විරෝධතා අත්සන් ලේඛනය වෙනත් කටයුත්තක් සඳහා ඉදිරිපත් කල එකක් බව පෙනීගිය හෙයින් ද සමහර අත්සන් වල අනන්‍යතාවය පිලිබඳ ගැටලුවක් මතු වූ හෙයින් ද [දිනය] දින ප.ව 2.00 ට සියලු පාර්ශවයන්ට කාර්යාලයට පැමිණෙන ලෙස දැනුම් දෙන ලදී. නමුත් ඒ සඳහා ඉදිරිපත් වුයේ [ගම/නගරය] ග්‍රාම නිලධාරී සහ අයදුම්කරු පමණි.

එබැවින් විරෝධතාවයක් නොමැති බව පෙනී ගිය බැවින් ඔහු විනාකිරි බලපත්‍රයක් දැරීමට සුදුසු අයෙකු බව නිර්දේශ කරමි."
APP023,application,formal,si,ජාතික හැඳුනුම්පතේ ලිපිනය නිවැරදි කර දෙන ලෙස ඉල්ලීම,"[ජා.හැ. අංකය] දරණ ජාතික හැඳුනුම්පතේ ලිපිනය නිවැරදිව සඳහන් නොවීම

[ලියාපදිංචි අංකය] දරණ [නම] යන අයගේ හැඳුනුම්පත් අයදුම්පත [ලිපි අංකය] ගොණුවෙන් (ලියාපදිංචි තැපැල් අංකය හා දිනය : [ලිපි අංකය] - [දිනය]) ඉදිරිපත් කිරීමෙන් අනතුරුව නිකුත් කරනු ලැබූ [ජා.හැ. අංකය] දරණ ජාතික හැඳුනුම්පතේ ලිපිනය නිවැරදිව සඳහන් වී නොමැත.

එබැවින් හැඳුනුම්පතෙහි නිවැරදි ලිපිනය ඇතුලත් කර දෙන ලෙස ඉල්ලා සිටින අතර අදාළ ග්‍රාම නිලධාරී වාර්තාව අවශ්‍ය කටයුතු සඳහා මේ සමඟ කාරුණිකව ඉදිරිපත් කරමි."
APP024,application,formal,si,බරපතල රෝගවලින් පෙළෙන දරුවකුට මාසික සහනාධාර ඉල්ලුම් කිරීම,"මගේ අංකය - [ලිපි අංකය]
දිනය - [දිනය]

අධ්‍යක්ෂතුමා,
[ආයතනයේ නම],
[ලිපිනය].

දිස්ත්‍රික් සමාජ සේවා නිලධාරී මගින්

ස්ථිර / බරපතල රෝගවලින් පෙළෙන දරුවන් සඳහා මාසික සහනාධාර - [නම]

අප ප්‍රාදේශීය ලේකම් කොට්ඨාසයට අයත් [ගම/නගරය] ග්‍රාම නිලධාරි වසමේ ජීවත්වන [නම] නමැති අය හෘද රෝගයෙන් පීඩාවට පත්වී සිටින අතර මේ සඳහා [ආයතනයේ නම] මාසිකව ප්‍රතිකාර ලබමින් සිටී.

ඒ අනුව ඉල්ලුම්කරු වෛද්‍ය ප්‍රතිකාර සඳහා වූ ගමන් වියදම් දීමනාව සඳහා ඉල්ලුම් කර ඇත. මේ අයගේ ඉල්ලුම්පත් හා ඒ සම්බන්ධ ලියකියවිලි සියල්ල ඔබගේ අනුමැතිය සඳහා මේ සමඟ අමුණා ඉදිරිපත් කරමි.

1. ඉල්ලුම්පත්‍රය
2. ඉල්ලීම් ලිපිය
3. වෛද්‍ය සහතික
4. බැංකු ගිණුම් අංකය
5. පොදු 35
6. හැඳුනුම්පතේ පිටපත

[යවන්නාගේ නම],
ප්‍රාදේශීය ලේකම්,
[ලිපිනය]."
NTF001,notification,formal,si,විමධ්‍යගත අයවැය ව්‍යාපෘති ක්‍රියාත්මක කිරීම හා ප්‍රගති වාර්තා දැනුම් දීම,"මගේ අංකය - [ලිපි අංකය]
ප්‍රාදේශීය ලේකම් කාර්යාලය,
[ලිපිනය]
[දිනය]

සහකාර අධ්‍යක්ෂ,
[දෙපාර්තමේන්තුව],
[ලිපිනය]

විමධ්‍යගත අයවැය - [වර්ෂය]

ඉහත සැලසුම් යටතේ අනුමත කරන ලද ව්‍යාපෘති අතරින් ඔබ විසින් ඉටු කළ යුතුව ඇති ව්‍යාපෘති විස්තර ක්‍රියාත්මක කිරීම සඳහා මේ සමග අමුණා එවනු ලැබේ. එම ව්‍යාපෘතින් ක්‍රියාත්මක කිරීමට අවශ්‍ය පියවර ගන්නා ලෙස ද [ආයතනයේ නම] හා [ආයතනයේ නම] විසින් කලින් කලට නිකුත් කරනු ලබන චක්‍රලේඛයන්ට අනුව උක්ත ව්‍යාපෘති ඉටු කළ යුතුව ඇති අතර එම ව්‍යාපෘති සම්බන්ධ මාසික ප්‍රගති වාර්තාව සෑම මාසයේදීම 25 වන දිනට ප්‍රථමයෙන් අපට ලැබීමට සලස්වන ලෙස ද කාරුණිකව ඉල්ලා සිටිමි.

ප්‍රාදේශීය ලේකම්,
[ගම/නගරය]"
NTF002,notification,formal,si,බහුතල ඉගෙනුම් ක්‍රමවේදය පිළිබඳ ප්‍රගති වාර්තා ඉදිරිපත් කිරීම දැනුම් දීම,"මගේ අංකය :- [ලිපි අංකය]
දිනය :- [දිනය]

පළාත් අධ්‍යාපන අධ්‍යක්ෂ,
[දෙපාර්තමේන්තුව]

බහුතල ඉගෙනුම් ක්‍රමවේදය පිළිබඳව පළාත් සම්පත්දායකයින් දැනුවත් කිරීම.

ප්‍රාථමික අධ්‍යාපනයේ ගුණාත්මක සංවර්ධනය සඳහා සුදුසු ඉගෙනුම් ක්‍රමවේදයක් ලෙස බහුතල ඉගෙනුම් ක්‍රමවේදය පාසල්වල ප්‍රාථමික අංශයේ ක්‍රියාත්මක කිරීම සඳහා සම්පත්දායකයින් ලෙස ඔබ පළාතේ සියලු ම අධ්‍යාපන කලාප ආවරණය වන පරිදි ප්‍රාථමික අධ්‍යාපන නිලධාරීන් හා ගුරු උපදේශකවරුන් බහුතල ඉගෙනුම් ක්‍රමවේදය පිළිබඳව පුහුණුකර ඇත.

ඔබ පළාතේ සියලු ම කලාපවල මෙම ක්‍රමවේදය ක්‍රියාත්මක වන පාසල්වල එය ක්‍රියාත්මක කිරීමේ ප්‍රගතිය [දිනය] දිනට පෙර [ආයතනයේ නම] ප්‍රාථමික අධ්‍යාපන ශාඛාව වෙත යොමු කරණ ලෙස පළාත් ප්‍රාථමික අධ්‍යාපන නියෝජ්‍ය/සහකාර අධ්‍යක්ෂ වෙත උපදෙස් ලබා දෙන මෙන් කාරුණිකව ඉල්ලමි.

මේ පිළිබඳව ඔබ දක්වන සහයෝගය ඉතා අගය කොට සලකමි.

[යවන්නාගේ නම],
අධ්‍යාපන අධ්‍යක්ෂ,
(ප්‍රාථමික අධ්‍යාපන).
අත්.කළේ/ [නම],
අතිරේක ලේකම් (අධ්‍යාපන ගුණාත්මක සංවර්ධන),
අධ්‍යාපන ලේකම් වෙනුවට.

පිටපත් :-
01. පළාත් අධ්‍යාපන ලේකම් - [ආයතනයේ නම] - කරු.දැ.ගැ.ස.
02. නි.අ.අ. / ස.අ.අ. (ප්‍රාථමික අධ්‍යාපන) - [දෙපාර්තමේන්තුව] - කරු.අ.ක.ස."
NTF003,notification,formal,si,රජයේ නිල වාහන පිළිබඳ තොරතුරු ලබා දීම දැනුම් දීම,"[ලිපි අංකය]

ජේෂ්ඨ සහකාර ලේකම් (පාලන),

රජයේ ආයතන සඳහා නිළ වාහන සැපයීම.

භාණ්ඩාගාර ලේකම්ගේ අංක [ලිපි අංකය] හා [දිනය] දිනැති අයවැය චක්‍රලේඛ 159 හා බැඳේ.

02. ඒ අනුව මේ වන විට අමාත්‍යංශයේ දැනට ඇති වාහන පිලිබඳ විස්තර, එනම්, මේ වන විට නිලධාරීන්ට අනුයුක්ත කර ඇති වාහන ද ඇතුළත්ව තොරතුරු [ආයතනයේ නම] අයවැය අධ්‍යක්‍ෂ ජනරාල් වෙත ලබා දිය යුතු බැවින් පහත තොරතුරු [දිනය] දිනට පෙර මා වෙත ලබා දීමට කටයුතු කරන මෙන් දන්වමි.

අනු අංකය. වාහන අංකය. වාහන වර්ගය. ඉන්ධන වර්ගය. නිෂ්පාදිත වර්ෂය. ලියාපදිංචි අංකය. ධාවන තත්වය.

[යවන්නාගේ නම],
ප්‍රධාන ගණකාධිකාරී,
[ආයතනයේ නම]."
NTF004,notification,formal,si,ක්‍රියාකාරී සැලැස්ම සංශෝධනය කිරීම පිළිබඳ අවසන් දැනුම්දීම,"මගේ අංකය [ලිපි අංකය]
දිනය [දිනය]

අතිරේක ලේකම් (සංවර්ධන),
අතිරේක ලේකම් (පාලන හා මුල්‍ය),
ජ්‍යෙෂ්ඨ සහකාර ලේකම් (සමාජ ඒකාබද්ධතා අංශය),
ජ්‍යෙෂ්ඨ සහකාර ලේකම් (පාලන අංශය),
අධ්‍යක්‍ෂ සැලසුම් (සැලසුම් අංශය),
සහකාර ලේකම් (ජාතික භාෂා අංශය).

අවසන් දැනුම්දීම.

[වර්ෂය] වර්ෂය සඳහා අය වැය ඇස්තමේන්තු ප්‍රතිපාදන වලට අනුකූලව ක්‍රියාකාරී සැළැස්ම සංශෝධනය කිරීම.

මාගේ [දිනය] දිනැති අංක [ලිපි අංකය] දරණ ලිපිය හා බැඳේ.

02. ඔබ ආයතනයේ / අංශයේ [වර්ෂය] වර්ෂයේ ක්‍රියාකාරී සැළසුමට අයත් වැඩසටහන් ක්‍රියාත්මක කිරීම සඳහා ලබා දී ඇති ප්‍රතිපාදන මාසිකව වැය කිරීමට (යෙදවීමට) අපේක්ෂා කරන ආකාරය සඳහන් කර ගිණුම් අංශයට [දිනය] දිනට ලැබීමට සලස්වන්න.

03. ජාතික සමගියේ මහා සමළුව සඳහා අවශ්‍ය ප්‍රතිපාදනද වෙනම සඳහන් කරන්න.

04. ගරු ඇමතිතුමා වෙත සෑම මසම ඉදිරිපත්කල යුතු මුල්‍ය ප්‍රගති වාර්තාව සැකසීම සඳහා මෙම තොරතුරු අවශ්‍ය බව දැන්ව සිටින අතර ඒ සම්බන්දයෙන් ඔබගෙන් ලැබෙන සහයෝගය ඉතා අගේ කොට සලකමි.

[යවන්නාගේ නම],
ප්‍රධාන ගණකාධිකාරි,
[ආයතනයේ නම] ලේකම් වෙනුවට."
NTF005,notification,formal,si,සහන කවුළු ස්ථාපිත කිරීම සඳහා අමතර ප්‍රතිපාදන වෙන් කිරීම,"දිස්ත්‍රික් ලේකම්,
දිස්ත්‍රික් ලේකම් කාර්යාලය,
[ගම/නගරය]

දිස්ත්‍රික් ලේකම් කාර්යාල වල සහන කවුළු ස්ථාපිත කිරීම

උක්ත කරුණ සම්බන්ධව ඔබ විසින් අප වෙත එවන ලද [ලිපි අංකය] දරණ අංක සහ [දිනය] දිනැති ලිපිය හා බැඳේ.

එමඟින් ඉල්ලුම් කර ඇති අමතර ප්‍රතිපාදන පහත සඳහන් පරිදි වෙන් කරනු ලැබේ.

[වැය ශීර්ෂය] - [මුදල]
01. සහන කවුළු ස්ථාපිත කිරීම සඳහා - [මුදල]
02. පුටුව සඳහා - [මුදල]
03. ලිපිගොනු කබඩය සඳහා - [මුදල]
04. සහන කවුළු නාම පුවරුව සඳහා - [මුදල]

02. මෙම මුදල් වෙන් කිරීමට අදාල නිශ්චිත කාර්යයට හැර වෙනත් කාරණයක් සඳහා උපයෝගී කර නොගත යුතුය.

03. අදාල මුදල් රෙගුලාසි ආයතන සංග්‍රහයේ විධි විධාන සහ රජය විසින් කලින් කලට නිකුත් කරනු ලබන උපදෙස් වලට අනුකුලව මෙම වියදම් දැරිය යුතුය. මුදල් රෙගුලාසි 145,146,208,448, සහ 449 හි විධි විධාන කෙරෙහි මෙහිලා විශේෂ අවධානය යොමු කරන අතර, එකී විදි විධාන දැඩි ලෙස පිළිපැදිය යුතුය.

04. මෙම මුදල් වෙන් කිරීමෙන් දරන ලද වියදම එම මාසයේ ඔබගේ ගිණුම් සාරාංශ මඟින් ගිණුම් ගත කර හර නිවේදනයක් මඟින් ඊළඟ මස 10 වන දිනට ප්‍රථම එවිය යුතු බව කාරුණිකව දැන්ව සිටින අතර, මෙම ප්‍රතිපාදන වලංගු වන්නේ [දිනය] දින දක්වා පමණක් බවද සලකන්න.

[යවන්නාගේ නම],
ප්‍රධාන ගණකාධිකාරි,
[ආයතනයේ නම] ලේකම් වෙනුවට."
NTF006,notification,formal,si,ත්‍රෛභාෂා දැන්වීම් පුවරු සඳහා ප්‍රතිපාදන වෙන් කිරීම දැනුම් දීම,"මගේ අංකය - [ලිපි අංකය]
දිනය - [දිනය]

දිස්ත්‍රික් ලේකම්,
දිස්ත්‍රික් ලේකම් කාර්යාලය,
[ගම/නගරය]

ත්‍රෛභාෂාවෙන් දැන්වීම් පුවරු සකස් කිරීම වෙනුවෙන් ප්‍රතිපාදන වෙන් කිරීම - [ආයතනයේ නම]

උක්ත කරුණ සම්බන්ධව [ආයතනයේ නම] විසින් අප වෙත එවන ලද [ලිපි අංකය] දරණ අංක සහ [දිනය] දිනැති ලිපිය හා බැඳේ.

එමඟින් ඉල්ලුම් කර ඇති ප්‍රතිපාදන පහත සඳහන් පරිදි වෙන් කරනු ලැබේ.

[වැය ශීර්ෂය] - [මුදල] - ප්‍රාදේශීය ලේකම් කාර්යාලය, [ගම/නගරය]

02. මෙම මුදල් වෙන් කිරීමට අදාල නිශ්චිත කාර්යයට හැර වෙනත් කාරණයක් සඳහා උපයෝගී කර නොගත යුතුය.

03. අදාල මුදල් රෙගුලාසි ආයතන සංග්‍රහයේ විදි විධාන සහ රජය විසින් කලින් කලට නිකුත් කරනු ලබන උපදෙස් වලට අනුකුලව මෙම වියදම් දැරිය යුතුය. මුදල් රෙගුලාසි 145,146,208,448, සහ 449 හි විධි විධාන කෙරෙහි මෙහිලා විශේෂ අවදානය යොමු කරන අතර, එකී විධි විධාන දැඩි ලෙස පිළිපැදිය යුතුය.

04. මෙම මුදල් වෙන් කිරීමෙන් දරණ ලද වියදම එම මාසයේ ඔබගේ ගිණුම් සාරාංශ මඟින් ගිණුම් ගත කර හර නිවේදනයක් මඟින් ඊළඟ මස 10 වන දිනට ප්‍රථම එවිය යුතු බව කාරුණිකව දැන්ව සිටින අතර, මෙම ප්‍රතිපාදන වලංගු වන්නේ [දිනය] දින දක්වා පමණක් බවද සලකන්න.

[යවන්නාගේ නම],
ප්‍රධාන ගණකාධිකාරී,
[ආයතනයේ නම] ලේකම් වෙනුවට."
NTF007,notification,formal,si,පුරාවස්තු ස්ථානයේ විනාශකාරී ක්‍රියා පිළිබඳ දැනුම් දීම,"සහකාර අධ්‍යක්ෂ ([ගම/නගරය]).

[ගම/නගරය] පුරාවස්තු ස්ථානය සම්බන්ධව.

ඉහත ස්ථානය සම්බන්ධයෙන් [දිනය] දිනැතිව මා වෙත ලැබුණු ඇමතුම හා සබැඳේ.

02. ඒ අනුව [නම] නැමැති මන්ත්‍රීවරයෙකු විසින් දන්වා සිටියේ මෙම ස්ථානය මේ වන විට යම්කිසි පිරිසක් විනාසකාරි ක්‍රියාකාරකම් සිදු කරන බවයි.

එබැවින් මේ සම්බන්ධයෙන් පරික්ෂාකොට බලා සුදුසු ක්‍රියාමාර්ග ගන්න මෙන් කාරුණිකව දන්වා සිටිමි.

[යවන්නාගේ නම],
වැ.ආ. සහකාර අධ්‍යක්ෂ (නිශ්චළ දේපල).
අත්සන් කලේ [නම],
පුරාවිද්‍යා අධ්‍යක්ෂ ජනරාල්.

පිටපත
දිස්ත්‍රික් ලේකම් - දිස්ත්‍රික් ලේකම් කාර්යාලය, [ගම/නගරය] - කරු. දැන ගැනීම සඳහා"
NTF008,notification,formal,si,වාර්ෂික ගබඩා සමීක්ෂණය පිළිබඳ දැනුම් දීම හා පිටපත් එවීම,"මාගේ අංකය :- [ලිපි අංකය]
ප්‍රසම්පාදන හා සැපයීම් අංශය,
[ආයතනයේ නම],
[ලිපිනය]

වාර්ෂික ගබඩා සමීක්ෂණය - [වර්ෂය]
ගබඩා අංකය [ලියාපදිංචි අංකය]

ඔබ අංශයේ [වර්ෂය] වර්ෂය සඳහා වගකිවයුතු ගබඩා භාණ්ඩ වලට අදාළ පරිගණක මුද්‍රිත පිටපත් මේ සමග එවමි.

02. අංක [ලිපි අංකය] හා [දිනය] දිනැති ක්‍ෂේත්‍ර මණ්ඩල චක්‍රලේඛය හා ක්‍ෂේත්‍ර මණ්ඩල චක්‍රලේඛ ලිපි අංක [ලිපි අංකය] අනුව කටයුතු කර සම්පූර්ණ කරන ලද ගබඩා සමීක්ෂණ පෝරමයෙන් පිටපත් තුනකින් යුතුව ඊලග වසරේ ජනවාරි 15 දින හෝ ඊට පෙර අප වෙත එවන මෙන් කාරුණිකව ඉල්ලා සිටිමි.

03. තවද චක්‍රලේඛවල සඳහන් කරුණු කෙරේ විශේෂ අවධානය යොමුකර කටයුතු කරන මෙන් ඉල්ලමි.

මිනින්දෝරු අධිකාරී,
ජ්‍යෙෂ්ඨ මිනින්දෝරු අධිකාරී වෙනුවට,
ප්‍රසම්පාදන හා සැපයීම් අංශය."
NTF009,notification,formal,si,උප කාර්යාලවල නව තැපැල් ලිපින වෙනස් වීම දැනුම් දීම,"මගේ අංකය [ලිපි අංකය]
පාලන අංශය,
[දෙපාර්තමේන්තුව],
[ලිපිනය]

ලේකම් - [ආයතනයේ නම]
කම්කරු කොමසාරිස්වරුන්,
ප්‍රධාන ගණකාධිකාරී,
කලාප භාර නියෝජ්‍ය කම්කරු කොමසාරිස්වරුන්,
නියෝජ්‍ය කම්කරු කොමසාරිස්,
නියෝජ්‍ය අධ්‍යක්‍ෂක,
දිස්ත්‍රික් කර්මාන්තශාලා පරීක්ෂක ඉංජිනේරුවරුන්,
සහකාර කම්කරු කොමසාරිස්වරුන්,
ජ්‍යෙෂ්ඨ කම්කරු නිලධාරීන්.

කාර්යාලීය ලිපිනය වෙනස් වීම පිළිබඳව දැනුම්දීම.

අප දෙපාර්තමේන්තුවට අයත් [ගම/නගරය], [ගම/නගරය], [ගම/නගරය] යන උප කම්කරු කාර්යාලය යන කාර්යාල නව ගොඩනැගිලිවල ස්ථාපිත කිරීම හේතුවෙන් එම කාර්යාලවල නව තැපැල් ලිපිනයන් පහත සඳහන් පරිදි වෙනස් වූ බව කාරුණිකව දන්වා සිටීම.

තවද, එම කාර්යාලයන්හි දුරකථන හා ෆැක්ස් අංකයන්හි කිසිදු වෙනසක් සිදු නොවූ බවද වැඩිදුරටත් දන්වා සිටිමි.

කාර්යාලය, නව තැපැල් ලිපිනය.
[ගම/නගරය] උප කම්කරු කාර්යාලය - [ලිපිනය]
[ගම/නගරය] උප කම්කරු කාර්යාලය - [ලිපිනය]
[ගම/නගරය] උප කම්කරු කාර්යාලය - [ලිපිනය]

[යවන්නාගේ නම],
අතිරේක කම්කරු කොමසාරිස් ජනරාල්,
කම්කරු කොමසාරිස් ජනරාල් වෙනුවට."
NTF010,notification,formal,si,ලොතරැයි ත්‍යාග මුදල් ප්‍රේෂණය හා ගෙවීම් උපදෙස් දැනුම් දීම,"සියළුම දිස්ත්‍රික් අධ්‍යක්ෂවරුන්,
දිස්ත්‍රික් ලේකම් කාර්යාලය,
[ගම/නගරය]

නිවාස ලොතරැයි දිනුම් ඇදීම 16 වන දිනුම් වාරය - ත්‍යාග මුදල් ලබාදීම.

මෙම දෙපාර්තමේන්තුව යටතේ ක්‍රියාත්මක වන නිවාස සංවර්ධන ලොතරැයි අරමුදල යටතේ [වර්ෂය] හා [වර්ෂය] වර්ෂ වලට අදාළ ජයග්‍රාහී ප්‍රතිලාභීන්ගේ නාම ලේඛනය අංක [ලිපි අංකය] හා [දිනය] දිනැති ලිපිය මඟින් ඔබ වෙත දැන්වීමට කටයුතු කර ඇත.

02. ඔබ දිස්ත්‍රික්කයට අදාළ ත්‍යාගහිමි ප්‍රතිලාභීන් සඳහා ගෙවිය යුතු ත්‍යාග මුදල වන [මුදල] ක මුදල ඉඳුරාම ඔබගේ නිල ගිණුම වෙත විද්‍යුත් ප්‍රේෂණ ක්‍රමය යටතේ යැවීමට කටයුතු කර ඇත. අදාළ බැර නිවේදනය ඉදිරියේදී ලබා දෙනු ඇත.

03. මෙම මුදල පොදු තැන්පත් ගිණුමේ තෙවන පාර්ශවයක් වෙත නැවත ගෙවීම් කිරීම වෙනුවෙන් තාවකාලිකව රඳවා ගැනෙන මුදල් කාණ්ඩය යටතේ අංක [වැය ශීර්ෂය] දරණ කේතය සඳහා ලැබීම් වශයෙන් ගෙන එම කේතයෙන්ම ගෙවීම් කළ යුතුය. යම් ප්‍රතිලාභියෙක් සඳහා ත්‍යාග මුදල් ගෙවීමට නොහැකි වුවහොත් එම මුදල සඳහා පහත සඳහන් පරිදි අණකරන ලද චෙක්පතක් කඩිනමින් මෙම දෙපාර්තමේන්තුව වෙත ලබා දිය යුතුය.

04. කළමණාකරු, [ආයතනයේ නම], නිවාස සංවර්ධන ලොතරැයි අරමුදල් ගිණුම් අංක [ගිණුම් අංකය] දරණ ගිණුම.

05. පසුගිය වර්ෂ වල හිඟ ත්‍යාග මුදල් ගෙවීම සඳහා ඔබ වෙත ලබා දී ඇති මුදල්ද, ලබා දී ඇති උපදෙස් අනුවම ගෙවීම් කිරීමට සටහන් කර ගන්න.

06. ඉහත උපදෙස් පරිදි ගෙවීම් කිරීමෙන් අනතුරුව ත්‍යාග මුදල් ගෙවීම සඳහා එක් එක් වර්ෂය වෙනුවෙන් ඔබ වෙත එවන ලද මුදල සහ දරණ ලද වියදම පහත සඳහන් ආකෘති පත්‍රයට අනුව සම්පූර්ණ කර [දිනය] දිනට පෙර ප්‍රධාන කාර්යාලයේ ගිණුම් අංශය වෙත එවීමට කටයුතු කල යුතුය."
NTF011,notification,formal,si,ග්‍රාමීය ආපදා කළමනාකරණ කමිටු දැනුවත් කිරීමේ වැඩසටහන දැනුම් දීම,"ප්‍රාදේශීය ලේකම්,
ප්‍රාදේශීය ලේකම් කාර්යාලය,
[ගම/නගරය]

ආපදා කළමනාකරණ පිළිබඳ ග්‍රාමීය කමිටු දැනුවත් කිරීමේ වැඩසටහන.

[ආයතනයේ නම] මගින් ග්‍රාමීය ආපදා කළමනාකරණ කටයුතු විධිමත් කිරීමේ අරමුණින් ඔබ ප්‍රාදේශීය ලේකම් කොට්ඨාශයේ [ගම/නගරය] ග්‍රාම නිළධාරි වසම සඳහා ආපදා කළමනාකරණ පිළිබඳ ග්‍රාමීය කමිටු දැනුවත් කිරීමේ වැඩසටහනක් [දිනය] දින පැවැත්වීමට අදහස් කර ඇත.

02. එබැවින් හදිසි ආපදා අවස්ථාවන්හිදි ජීවිත ආරක්ෂා කර ගැනීම සඳහා ආපදා දැනුවත් කිරීමේ වැඩසටහනක් පැවැත්වීම වැදගත් වන බැවින් පහත සඳහන් නිළධාරීන්ගේ සහය ඇතිව ඉහත වැඩ සටහන පැවැත්වීම සඳහා අවශ්‍ය කටයුතු සංවිධානය කර දෙන ලෙස කාරුණිකව දන්වා සිටිමි.

01. ආපදා කළමණාකරණ නිළධාරි
02. සමාජ සේවා නිළධාරි
03. ග්‍රාම නිළධාරි
04. වනිතා සංවර්ධන නිළධාරි
05. ළමා සංවර්ධන නිළධාරි
06. තරුණ සේවා නිළධාරි

[යවන්නාගේ නම],
අතිරේක දිස්ත්‍රික් ලේකම්,
දිස්ත්‍රික් ලේකම් වෙනුවට."
NTF012,notification,formal,si,පෝෂණ ක්‍රියාකාරී සැලැස්ම සඳහා ප්‍රතිපාදන වෙන් කිරීම දැනුම් දීම,"[ගම/නගරය] දිස්ත්‍රික්කයේ සියළුම ප්‍රාදේශීය ලේකම්වරුන් වෙත,

පෝෂණය සඳහා වන බහු ආශික ක්‍රියාකාරී සැලැස්ම - [වර්ෂය]

උක්ත කරුණ සම්බන්ධව ජනාධිපති ලේකම්ගේ අංක [ලිපි අංකය] හා [දිනය] දිනැති ලිපිය හා බැඳේ.

2. ඒ අනුව උක්ත වැඩසටහනේ ඉදිරි ක්‍රියාකාරකම් ක්‍රියාත්මක කිරීම සඳහා [වැය ශීර්ෂය] වැය විෂය යටතේ [මුදල] ක ප්‍රතිපාදන වෙන්කර ඇත.

මෙම ප්‍රතිපාදන වැය කිරීමේ දී මු.රෙ.[අංකය] හා [අංකය] ට ඔබගේ විශේෂ අවධානය යොමු කරවන අතර, එයට අමතරව පහත සඳහන් විධි විධාන ද අනුගමනය කරමින් ඇමුණුම 1 හි සදහා පමණක් වැය කරන ලෙස කාරුණිකව දන්වා සිටිමි.

1. ආයතන සංග්‍රහයේ විධි විධාන
2. මුදල් රෙගුලාසි විධි විධාන
3. භාණ්ඩාගාර චක්‍රලේඛන උපදෙස්
4. ප්‍රසම්පාදන මාර්ගෝපදේශ සංග්‍රහයේ විධි විධාන
5. විශේෂ ගෙවීම් කිරීම සඳහා ආයතන අධ්‍යක්ෂ ජනරාල්ගේ අනුමැතිය

[යවන්නාගේ නම],
අතිරේක දිස්ත්‍රික්ලේකම්.
දිස්ත්‍රික් ලේකම්/දිසාපති වෙනුවට"
NTF013,notification,formal,si,ළමා ආරක්ෂාව පිළිබඳ කෙටි චිත්‍රපට තරඟාවලිය දැනුම් දීම,"ළමා ආරක්ෂාව පිළිබඳ කෙටි චිත්‍රපට තරඟාවලිය

ළමා අපයෝජන වලින් ආරක්ෂා වන්නේ කෙසේද යන්න පිළිබඳව ළමුන් දැනුවත් කිරීම හා අපයෝජන වලින් ළමයින් ආරක්ෂා කර ගැනීම පිළිබඳව දෙමාපියන් සහ වෙනත් වැඩිහිටියන්ගේ අවධානය යොමු කරවීම සහ දැනුවත් කිරීම අරමුණු කර ගනිමින් කෙටි චිත්‍රපට තරඟාවලියක් සමස්ථ ලංකා මට්ටමින් සංවිධානය කිරීමට [ආයතනයේ නම] සැළසුම් කර ඇත.

අදාළ තරඟාවලිය සඳහා නිර්මාණ [දිනය] දිනට පෙර යොමු කළ යුතු අතර ඒවා මේ සමග අමුණා ඇති විස්තර පත්‍රිකාවේ සඳහන් ආකාරයට ඉදිරිපත් කරන ලෙස කාරුණිකව දන්වමි.

[යවන්නාගේ නම],
සහකාර ප්‍රාදේශීය ලේකම්,
ප්‍රාදේශීය ලේකම් වෙනුවට,
[ගම/නගරය]"
NTF014,notification,formal,si,සනීපාරක්ෂක වැඩසටහන යටතේ වාරික ගෙවීම් ක්‍රමවේදය දැනුම් දීම,"සනීපාරක්ෂක වැඩසටහන යටතේ ප්‍රතිලාභීන් දැනුවත් කිරීම.

[ආයතනයේ නම] මගින් ක්‍රියාත්මක කරන වැඩසටහන සඳහා ඔබව තෝරාගෙන ඇති බවත්, එම ආයතනය අප වෙත දැනුම් දුන් පරිදි පහත සඳහන් ලෙස කටයුතු කළ යුතු බවත් තවදුරටත් දන්වා සිටිමි.

එක් වැසිකිළියක් ඉදි කිරීම සඳහා [මුදල] ක ආධාර මුදලක් වාරික 3ක් යටතේ ලබාදේ.

ඒ අනුව 1 අදියර වාරික මුදල [මුදල] සැලස්මේ පරිදි වල කපා වල බැඳීම හා ගොඩනැගිල්ලේ අත්තිවාරම බැඳීමෙන් පසුවද,
2 අදියර වාරික මුදල [මුදල] කොන්ක්‍රීට් පියන සාදා වල වැසීම හා ගොඩනැගිල්ල වහළ මට්ටම බැඳීමෙන් පසුවද,
3 අදියර වාරික මුදල [මුදල] වැසිකිළි පෝච්චිය සවි කර කපරාරු කිරීම හා දොර දමා නිම කිරීමෙන් පසුවද ලබා දේ.

ව්‍යාපෘතිය ආරම්භ කර මාස 02ක් ඇතුළත සියලු ඉදිකිරීම් කටයුතු නිම කළ යුතුය. වැසිකිළි ඉදිකිරීම සඳහා සැළසුමක් හා ඇස්තමේන්තුවක් ලබා දෙන අතර එයට අනුකූලව ඉදිකිරීම් කළ යුතුව ඇත.

අදාළ වාරික ගෙවීමට පෙර ග්‍රාම නිළධාරී හා [ආයතනයේ නම] කාර්යාලයීය කාර්මික නිළධාරි මහතෙකු විසින් අදාළ සැළසුමට අනුව වැසිකිළිය ඉදිකර ඇති බව තහවුරු කළ යුතුව ඇත. ජල මුලාශ්‍රය ආසන්නයේ වැසිකිළිය හා ගවර වළ ඉදි නොකිරීමට වග බලා ගත යුතුය.

ඉහත සඳහන් කරුණුවලට අදාළව ක්‍රියාත්මකවී මෙම ව්‍යාපෘතිය සාර්ථක කර ගැනීමට සහය ලබා දෙන මෙන් ඉල්ලා සිටිමි.

[යවන්නාගේ නම],
ප්‍රාදේශීය ලේකම්,
[ගම/නගරය]"
NTF015,notification,formal,si,මූල්‍ය සාක්ෂරතා වැඩසටහන සඳහා දින යොදා ගැනීම දැනුම් දීම,"මගේ අංකය - [ලිපි අංකය]
ඔබේ අංකය - [ලිපි අංකය]
දිනය - [දිනය]

ප්‍රාදේශීය කළමණාකරු,
[ආයතනයේ නම],
ප්‍රාදේශීය කාර්යාලය,
[ගම/නගරය]

ග්‍රාමීය මට්ටමේ රාජ්‍ය නිලධාරින් සඳහා වන මුල්‍ය සාක්ෂරතාව වර්ධනය කිරීමේ විශේෂ වැඩසටහන.

උක්ත කරුණ සම්බන්ධයෙන් [ලිපි අංකය] හා [දිනය] දිනැති ලිපිය හා බැඳේ.

02. ඒ අනුව [ආයතනයේ නම] ග්‍රාම නිලධාරීන්, සංවර්ධන නිලධාරීන් දැනුවත් කිරීම සඳහා [දිනය] දිනයන් වලින් එක් දිනයක් ඉහත වැඩසටහන සඳහා යොදා ගැනීමට හැකි බව කාරුණිකව දන්වමි.

[යවන්නාගේ නම],
ප්‍රාදේශීය ලේකම්,
[ගම/නගරය]"
NTF016,notification,formal,si,ඡන්දහිමි නාමලේඛන ආකෘති පත්‍ර බෙදාහැරීම පිළිබඳ දැනුම් දීම,"දිනය - [දිනය]

[ගම/නගරය] දිස්ත්‍රික්කයේ සියලුම ග්‍රාම නිලධාරීන් වෙත,

ඡන්දහිමි නාමලේඛණ ප්‍රතිශෝධනය පිළිබඳව එස්.එම්.එස්. (SMS) පණිවුඩ මඟින් මහජනතාව දැනුවත් කිරීම.

ඡන්දහිමි නාමලේඛණයට අදාල ඡන්දහිමියන් ගණන් ගන්නා ආකෘති පත්‍ර සියලුම ගෘහ ඒකක වෙත ලැබී ඇත්දැයි සනාථ කර ගන්නා ලෙස වූ SMS පණිවිඩයක් [දිනය] දින සියලුම ජංගම දුරකථන ග්‍රාහකයන් හා ස්ථාවර දුරකථන ග්‍රාහකයන් වෙත යැවීම සඳහා වූ වැඩ පිළිවෙලක් [ආයතනයේ නම] විසින් ක්‍රියාත්මක කර ඇත.

02. ඒ අනුව ඔබ ග්‍රාම නිලධාරි කොට්ඨාසයට අදාල සියලුම ගෘහ ඒකක වෙත ඡන්ද හිමියන් ගණන් ගැනීමේ ආකෘති පත්‍ර මේ වනවිට බෙදා හැර ඇති බවට නිසැක වන ලෙස කාරුණිකව දන්වමි.

03. යම් හෙයකින් යම් ගෘහ ඒකකයක් වෙත එසේ ඡන්ද හිමියන් ගණන් ගැනීමේ ආකෘති පත්‍ර බෙදා හැර නොමැති නම්, [දිනය] දින හෝ එදිනට පෙර අදාල ආකෘති එම ගෘහ වෙත ලබාදීමට කඩිනමින් කටයුතු කරන ලෙසද මෙයින් දන්වා සිටිමි.

[යවන්නාගේ නම],
සහකාර ලියාපදිංචි කිරීමේ නිලධාරි,
සහකාර මැතිවරණ කොමසාරිස්,

අ/කලේ - [නම]
ලියාපදිංචි කිරීමේ නිලධාරි,
දිස්ත්‍රික් ලේකම් / දිසාපති

පිටපත - සියලුම ප්‍රාදේශිය ලේකම්වරුන් වෙත - කාරුණික දැනගැනීම සඳහා හා අවශ්‍ය කටයුතු සඳහා"
NTF017,notification,formal,si,වයස අවුරුදු 60 සම්පූර්ණ වීම මත විශ්‍රාම යාම දැනුම් දීම,"[යවන්නාගේ නම],
(කළමණාකරණ සහකාර)
ප්‍රාදේශීය ලේකම් කාර්යාලය,
[ගම/නගරය]
[දිනය]

ප්‍රාදේශීය ලේකම්,
ප්‍රාදේශීය ලේකම් කාර්යාලය,
[ගම/නගරය]

විශ්‍රාම යාමට නියමිත බව දැනුම් දීම.

[දිනය] දින වන විට මාගේ වයස අවුරුදු 60 සම්පූර්ණ වන බැවින් එදින සිට මා විශ්‍රාම ගත යුතුව ඇත.

ඒ සඳහා අනුමැතිය ලබා දීමට කටයුතු යොදා දෙන මෙන් කාරුණිකව ඉල්ලා සිටිමි.

මීට,
විශ්වාසි,
[යවන්නාගේ නම],"
NTF018,notification,formal,si,ක්ෂේත්‍ර නිලධාරීන් සඳහා යතුරු පැදි ලබා දීම දැනුම් දීම,"[ලිපි අංකය],
සහකාර ප්‍රාදේශීය ලේකම්,
[ගම/නගරය]
[දිනය]

කාර්යාලයේ සියළුම ග්‍රාම නිලධාරී/ක්ෂේත්‍ර නිලධාරී මහත්ම මහත්මීන් වෙත,

අය වැය යෝජනා ක්‍රියාත්මක කිරීම - ක්ෂේත්‍ර නිලධාරීන් සඳහා යතුරු පැදි ලබා දීම.

උක්ත කරුණට අදාලව දිස්ත්‍රික් ලේකම්ගේ අංක [ලිපි අංකය] හා [දිනය] දිනැති ලිපිය අනුව [ආයතනයේ නම] අධ්‍යක්ෂ ජනරාල්ගේ අංක [ලිපි අංකය] හා [දිනය] දින දරණ ලිපිය දැන ගැනීම සඳහා මේ සමඟ අමුණා ඇත.

02. මේ සම්බන්ධව අවධානය යොමු කරන ලෙස මෙයින් අවධාරණය කරමි.

සහකාර ප්‍රාදේශිය ලේකම්,
[ගම/නගරය]"
NTF019,notification,formal,si,ජගත් සාගර දින ජාතික වැඩසටහන පිළිබඳ දැනුම් දීම,"දිස්ත්‍රික් ලේකම්,
([ගම/නගරය] දිස්ත්‍රික්ක)

ජගත් සාගර දිනය සැමරීමේ ජාතික වැඩසටහන

මාතෘ භූමිය මෙන් අට ගුණයක් විශාල සයුරු අප හට උරුම වී ඇති අතර, එමඟින් රටේ ආර්ථිකයට ලැබෙනුයේ ඉමහත් පිටුවහලකි. එසේ වුවද නාගරීකරණයත්, කාර්මීකරණයත් හේතුකොටගෙන සිදුකරන ක්‍රියාකාරකම් හේතුවෙන් සාගරය දූෂණය වීම දිනෙන් දින ඉහල යන අතර, සමුද්‍රීය පරිසර සම්පත පිළිබඳව ඇති අවබෝධය සහ එය දූෂණයෙන් තොරව රැකගත යුතුය යන ආකල්පය තවමත් ජනතාව තුල ඇතිවී නොමැති තරම්ය. සමුද්‍ර පරිසරයේ වැදගත්කම පිළිබඳව ලෝක ප්‍රජාව දැනුවත් කිරීමේ අරමුණ පෙරදැරි කරගනිමින් එක්සත් ජාතීන්ගේ සංවිධානය විසින් ජූනි මස 08 වන දින ජගත් සාගර දිනය ලෙසට ප්‍රකාශ කර ඇත.

ඒ අනුව යමින් ශ්‍රී ලංකාව අඛණ්ඩව ජගත් සාගර දිනය සැමරීම සිදු කරගෙන එන අතර, මෙම වසරේදීද ලෝක ප්‍රජාව සමග ""පිවිතුරු සයුරක් - නිරෝගිමත් ලොවක්"" යන තේමාව යටතේ එම දිනය සැමරීමට [ආයතනයේ නම] විසින් කටයුතු සූදානම් කර ඇත.

මේ අනුව [දිනය] දිනට යෙදෙන ලෝක සාගර දිනය නිමිත්තෙන් සංවිධානය කරනු ලබන ජාතික වැඩසටහන ගරු [නම] මැතිතුමාගේ ප්‍රධානත්වයෙන් එදින පෙ.ව.7.00ට [ලිපිනය] දී ආරම්භ වේ.

සාගරයෙන් වටවූ දිවයිනක් වශයෙන් ශ්‍රී ලංකාවට ජගත් සාගර දිනය අතිශය වැදගත් වන අතර, එහි වැදගත්කම ජනතාවට අවබෝධ කිරීමට මෙය මහඟු අවස්ථාවකි. එබැවින් ජනාධිපතිතුමාගේ උපදෙස් අනුව ජගත් සාගර දින ජාතික වැඩසටහනට සමගාමීව සියලු වෙරළබඩ දිස්ත්‍රික්කයන්හි සුදුසු වැඩසටහන් දිස්ත්‍රික් මට්ටමින් සංවිධානය කිරීමට කටයුතු කරන ලෙසට ඉල්ලා සිටිමි.

[යවන්නාගේ නම],
ලේකම්

පිටපත් : ලේකම්, [ආයතනයේ නම] - අ.ක.ස. සහ දැ.ගැ.ස."
NTF020,notification,formal,si,කළමනාකරණ ප්‍රතිසංස්කරණ පොත් බෙදාදීම පිළිබඳ දැනුම් දීම,"[ගම/නගරය] දිස්ත්‍රික්කයේ සියලුම ප්‍රාදේශීය ලේකම්වරුන් වෙත

""කළමනාකරණ ප්‍රතිසංස්කරණ සඳහා ඉදිරි දැක්ම"" පොත් ලබා දීම

[ආයතනයේ නම] රාජ්‍ය කළමනාකරණ ප්‍රතිසංස්කරණ හා මහජන සම්බන්ධතා අංශය විසින් මුද්‍රණය කරන ලද ""කළමනාකරණ ප්‍රතිසංස්කරණ සඳහා ඉදිරි දැක්ම"" පොත් රාජ්‍ය සේවයේ ගුණාත්මකභාවය වර්ධනය කිරීම උදෙසා ප්‍රාදේශීය ලේකම් කාර්යාලයකට පිටපත් දෙක බැගින් බෙදාදීම පිණිස සැලසුම් සකස් කර [ගම/නගරය] දිස්ත්‍රික්කයේ ප්‍රාදේශීය ලේකම් කාර්යාලවලට ලබාදිය යුතු පොත් ප්‍රමාණය මෙම කාර්යාලය වෙත එවා ඇත.

2. ඒ අනුව ඔබ ප්‍රාදේශීය ලේකම් කාර්යාලයට වෙන්කරන ලද මෙම පොත් 02 (දෙක) දිස්ත්‍රික් ලේකම් කාර්යාල ලේඛනාගාරයෙන් ලබාගන්නා මෙන් කාරුණිකව දන්වා සිටිමි.

[යවන්නාගේ නම],
පරිපාලන නිලධාරී,
දිස්ත්‍රික් ලේකම් වෙනුවට,

පිටපත :
01. ලේකම්, [ආයතනයේ නම] - කාරුණික දැන ගැනීම සඳහා
02. ලේකම්, [ආයතනයේ නම] - කාරුණික දැන ගැනීම සඳහා"
APT001,appointment,formal,si,අධ්‍යාපන පරිපාලන සේවයේ පත්වීම ස්ථිර කිරීම,"[ලිපි අංකය],
[දිනය],

[ලබන්නාගේ නම],
ශ්‍රී.ලං.අ.ප.සේ. III,
සහකාර විභාග කොමසාරිස්,
[දෙපාර්තමේන්තුව].

පත්වීම ස්ථිර කිරීම.

උක්ත කාරණයට අදාළව විභාග කොමසාරිස් ජනරාල් විසින් එවන ලද අංක [ලිපි අංකය] සහ [දිනය] දිනැති ලිපිය හා බැඳේ.

ඔබ [දිනය] දින සිට ක්‍රියාත්මකවන පරිදි ශ්‍රී ලංකා අධ්‍යාපන පරිපාලන සේවයේ III පන්තියේ තනතුරකට පත්කර ඇති බැවින් රාජකාරි භාරගෙන ඇති [දිනය] දින සිට ඉහත පත්වීම ස්ථිර කිරීම අනුමත කරමි.

[යවන්නාගේ නම],
සහකාර ලේකම්,
(අධ්‍යාපන සේවා ආයතන),
අ/කලේ - [නම],
ලේකම්,
[ආයතනයේ නම].

පිටපත් -
01. ලේකම්, රාජ්‍ය සේවා කොමිෂන් සභාව.
02. විගණකාධිපති.
03. විභාග කොමසාරිස් ජනරාල්.
04. පෞද්ගලික ලිපි ගොනුවට."
APT002,appointment,formal,si,නවක නිලධාරියෙකු දෙපාර්තමේන්තුවකට අනුයුක්ත කිරීම,"මගේ අංකය :- [ලිපි අංකය]
දිනය :- [දිනය]

[ලබන්නාගේ නම],
ශ්‍රී.ලං.අ.ප.සේ. III,
අධ්‍යක්ෂ - සේවක සංඛ්‍යාව (ගණිතය).

ශ්‍රී ලංකා අධ්‍යාපන පරිපාලන සේවයේ නවක නිලධාරීන් සේවා ස්ථානවලට අනුයුක්ත කිරීම.

ශ්‍රී ලංකා අධ්‍යාපන පරිපාලන සේවයේ III පන්තියට පත්කරමින් ඔබ වෙත නිකුත් කරන ලද රාජ්‍ය සේවා කොමිෂන් සභා ලේකම්ගේ අංක [ලිපි අංකය] දරණ පත්වීම් ලිපියෙහි විධිවිධානයන්ට යටත්ව [දිනය] දින සිට ක්‍රියාත්මක වන පරිදි ඔබ [දෙපාර්තමේන්තුව] වෙත අනුයුක්ත කරමි.

නව සේවා ස්ථානයේ රාජකාරි භාර ගෙන අදාළ ආයතන ප්‍රධානින් මගින් මා වෙත වාර්තා කරන්න.

මෙම ස්ථානගත කිරීම සම්බන්ධයෙන් උපවේශන දීමනා ගෙවනු නොලැබේ.

[යවන්නාගේ නම],
අතිරේක ලේකම්,
(අධ්‍යාපන සේවා ආයතන).
අ.කලේ/ [නම],
ලේකම්,
[ආයතනයේ නම]."
APT003,appointment,formal,si,II පන්තියට උසස් කිරීම හා වැටුප් පරිවර්තනය දැනුම් දීම,"මගේ අංකය :- [ලිපි අංකය]
දිනය :- [දිනය]

පළාත් අධ්‍යාපන අධ්‍යක්ෂ,
[දෙපාර්තමේන්තුව].

ශ්‍රී ලංකා අධ්‍යාපන පරිපාලන සේවය II පන්තියට උසස් කර ලබා දී ඇති පත්වීම නිවැරදිද යන්න තහවුරු කර ගැනීම.
[නම] මහතා - කලාප අධ්‍යාපන අධ්‍යක්ෂ - [ගම/නගරය]

උක්ත කරුණ සම්බන්ධයෙන් මා වෙත යොමු කර ඇති ඔබේ අංක [ලිපි අංකය] හා [දිනය] දිනැති ලිපිය හා බැඳේ.

02. එවකට ශ්‍රී ලංකා අධ්‍යාපන පරිපාලන සේවයේ II පන්තියට උසස් කිරීම ලබාදීමේදී කාර්යක්ෂමතා කඩඉම් ප්‍රමාද වූ කාලය සහ සක්‍රිය සේවා කාලය නොසලකා එම උසස් වීම් ලබා දී ඇත.

මෙවැනි නිලධාරීන් රාශියක් සිටින බැවින්ද එම නිලධාරීන්ගෙන් කිහිප දෙනෙක්ම දැනට I පන්තියේ උසස් වීම් ලබා ඇති බැවින්ද එම මහතාට ලබා දී ඇති II පන්තියේ උසස් වීම මේ අවස්ථාවේදී සංශෝධනය කිරීම සිදු කළ නොහැකි බැවින් ඒ මහතා II පන්තියට උසස් වූ දිනය අනුව වැටුපේ පිහිටුවා වැටුප් පරිවර්තනය කරන ලෙස කාරුණිකව දන්වමි.

[යවන්නාගේ නම],
අතිරේක ලේකම්,
(අධ්‍යාපන සේවා ආයතන),
අධ්‍යාපන ලේකම් වෙනුවට."
APT004,appointment,formal,si,නිලධාරියෙකු පළාත් රාජ්‍ය සේවයට මුදාහැර ඇති බව සනාථ කිරීම,"මගේ අංකය :- [ලිපි අංකය]
ඔබේ අංකය :- [ලිපි අංකය]
අධ්‍යාපන සේවා ආයතන ශාඛාව,
[දිනය],

සහකාර ලේකම් (විමර්ශන).

[නම] මහතා - (ශ්‍රී.ලං.අ.ප.සේ. II) පළාත් රාජ්‍ය සේවා සඳහා මුදාහැර ඇති ද යන්න සනාථ කර ගැනීම

උක්ත කරුණ සම්බන්ධයෙන් මා වෙත එවන ලද ඔබේ සමාංක හා [දිනය] දිනැති ලිපිය හා බැඳේ.

02. එම මහතා ශ්‍රී.ලං.අ.ප.සේ. III පන්තියේ නිලධාරියෙකු ලෙස රාජ්‍ය සේවා කොමිෂන් සභාවේ අධ්‍යාපන සේවා කමිටු ලේකම් විසින් [දිනය] දිනැති ලිපියෙන් [ආයතනයේ නම] වෙත ස්ථානමාරු කරන ලදුව මේ දක්වාම එම පළාතේ රාජ්‍ය සේවයේ යෙදී සිටී.

03. ශ්‍රී ලංකා අධ්‍යාපන පරිපාලන සේවය දීපව්‍යාප්ත සේවාවක් බැවින් ඒ මහතාගේ පත්වීම බලධරයා හා විනය බලධරයා රාජ්‍ය සේවා කොමිෂන් සභාව වන අතර දැනට එම බලතල අමාත්‍යාංශ ලේකම් වෙත පැවරී ඇති බව වැඩිදුරටත් දන්වමි.

[යවන්නාගේ නම],
ජ්‍යෙෂ්ඨ සහකාර ලේකම්,
(අධ්‍යාපන සේවා ආයතනය),
අධ්‍යාපන ලේකම් වෙනුවට."
APT005,appointment,formal,si,මැනුම් ක්ෂේත්‍ර සහායක තනතුරේ පත්වීම ස්ථීර කිරීම,"මාගේ අංකය : [ලිපි අංකය]
මැනුම් ක්‍ෂේත්‍ර සහායක අංශය,
[දෙපාර්තමේන්තුව],
[ලිපිනය]

පත්වීම ස්ථීර කිරීම - ජේෂ්ඨ මිනින්දෝරු නිලධාරී ([ගම/නගරය]) මගින් [ලබන්නාගේ නම] ([සේවක අංකය])

ඔබගේ මැනුම් ක්‍ෂේත්‍ර සහායක සේවයේ III පන්තියේ තනතුරේ පත්වීම [දිනය] දින සිට ස්ථීර කරමි.

අත්/කළේ : [නම],
සර්වේයර් ජනරාල්.

[යවන්නාගේ නම],
සහකාර අධ්‍යක්ෂ (පාලන)

පිටපත්
01. පළාත් සර්වේයර් ජනරාල් - කරු.දැ.ගැ.ස. හා අ.ක.ස.
02. පෞද්ගලික ලිපි ගොනුවට"
APT006,appointment,formal,si,පත්වීම් ලිපියේ සේවා ස්ථානය සංශෝධනය කිරීම,"[ලබන්නාගේ නම] මයා/මිය/මෙය,
[ලිපිනය]
ජා.හැ.අං. [ජා.හැ. අංකය]

සේවා ස්ථාන සංශෝධනය කිරීම.

මගේ අංක [ලිපි අංකය] හා [දිනය] දිනැති පත්වීම ලිපිය හා බැඳේ.

02. එම ලිපියෙන් ඔබ වෙත ලබා දුන් සේවා ස්ථානය [පාසලේ නම] ලෙස සංශෝධනය කරනු ලබන බව මින් දන්වමි.

03. ඉහත ලිපියේ අනෙකුත් කොන්දේසි එලෙසම පවතින බව වැඩිදුරටත් දන්වමි.

[යවන්නාගේ නම],
පරිපාලන නිලධාරී (ආයතන),
අධ්‍යාපන ලේකම් වෙනුවට.

පිටපත් -
පළාත් අධ්‍යාපන අධ්‍යක්‍ෂ
කලාප අධ්‍යාපන අධ්‍යක්‍ෂ
කළමනාකරු - [ආයතනයේ නම]
විදුහල්පති - [පාසලේ නම]
පෞද්ගලික ලිපි ගොනුව
කාර්ය මණ්ඩල ගොනුව"
APT007,appointment,formal,si,පුස්තකාල සේවක තනතුරට පත් කිරීම හා වැටුප් විස්තර,"පීඨාධිපති/කළමණාකරු/විදුහල්පති මගින්,
[ලබන්නාගේ නම] මයා/මිය/මෙනෙවිය,
මුරකරු,
[ආයතනයේ නම],
[ගම/නගරය]

ප්‍රාථමික ශිල්පීය නොවන 1 ශ්‍රේණියේ පුස්තකාල සේවක තනතුරට පත් කිරීම.

ප්‍රාථමික ශිල්පීය නොවන සේවක ගණය සඳහා වන බඳවා ගැනීමේ පටිපාටියේ 11 වන වගන්තිය අනුව ඔබ [ආයතනයේ නම] 1 ශ්‍රේණියේ පුස්තකාල සේවක තනතුරට පත් කරනු ලැබේ.

02. ඒ අනුව ඔබට රාජ්‍ය පරිපාලන චක්‍රලේඛ අංක [අංකය] හි [මුදල] වැටුප් පරිමාණය හිමි වේ. මෙම ශ්‍රේණියට අදාල වැටුප් පියවර [මුදල] වේ.

03. මෙම තනතුර ස්ථිරය. විශ්‍රාම වැටුප් සහිතය. ඔබගේ පත්වීම කලින් අවසන් කරනු නොලැබුවහොත්, ඔබගේ පත්වීමෙහි ස්ථිර කරන ලද ලිපියක් ඔබට ලැබෙන තෙක්, ඔබගේ පත්වීමේ දින සිට අවුරුද්දක කාලයක් හෝ එම කාලය දීර්ඝ කිරීම අවස්ථානුරූපයයි සලකනු ලැබුවහොත් එසේ දීර්ඝ කළ කාලයක් හෝ ඔබ වැඩ බැලීමේ පදනම මත සේවය කළ යුතුය.

04. පූර්ව පත්වීම් ලිපියෙහි ඇතුළත් අනෙකුත් කොන්දේසි වර්තමාන බඳවා ගැනීමේ පටිපාටියේ විධිවිධාන වලට යටත්ව තවදුරටත් එසේම වලංගු වනු ඇත.

05. මෙම ලිපිය ලද බවත්, මෙම පත්වීම භාරගැනීමට ඔබගේ කැමැත්ත/අකමැත්ත විදුහල්පති/පීඨාධිපති/කළමණාකරු මගින් මා වෙත ලියා දන්වන ලෙසත් දන්වමි.

[යවන්නාගේ නම],
අතිරේක ලේකම් (පාලන),
අධ්‍යාපන ලේකම් වෙනුවට."
APT008,appointment,formal,si,පත්වීම් ලිපියේ පෙර සේවා ස්ථානය සංශෝධනය කිරීම,"විදුහල්පති මගින්,
[ලබන්නාගේ නම] මයා,
මුරකරු,
[ආයතනයේ නම],
[ගම/නගරය]

පෙර සේවා ස්ථානය සංශෝධනය කිරීම.

මගේ අංක [ලිපි අංකය] හා [දිනය] දිනැති ලිපිය මඟින් [ආයතනයේ නම] වෙත ලබා දෙන ලද [ආයතනයේ නම] පුස්තකාල සේවක තනතුරට පත් කිරීමේ ලිපිය හා බැඳේ.

එම ලිපියෙහි ලිපිනයේ සඳහන් ඔබගේ වර්තමාන සේවා ස්ථානය [ආයතනයේ නම] ලෙස ද නව සේවා ස්ථානය [පාසලේ නම] ලෙස ද නිවැරදි කරන බව කාරුණිකව දන්වා සිටිමි.

ඉහත ලිපියේ අනෙකුත් කොන්දේසි එලෙසම පවතින බව වැඩි දුරටත් දන්වා සිටිමි.

[යවන්නාගේ නම],
පරිපාලන නිලධාරී (ආයතන)

පිටපත්
විගණකාධිපති
අධ්‍යක්‍ෂ ජනරාල් - විශ්‍රාම වැටුප් දෙපාර්තුමේන්තුව
ප්‍රධාන ගණකාධිකාරී
පළාත් අධ්‍යාපන අධ්‍යක්‍ෂ
කලාප අධ්‍යාපන අධ්‍යක්‍ෂ
පෞද්ගලික ලිපිගොනුව"
APT009,appointment,formal,si,සංවර්ධන නිලධාරි තනතුරට පත් කිරීමේ ලිපිය සංශෝධනය කිරීම,"[ලබන්නාගේ නම] මයා
[ලිපිනය]

ජාතික හැඳුනුම්පත් අංකය : [ජා.හැ. අංකය]

මහත්මයාණෙනි,

සංවර්ධන නිලධාරි සේවයේ III වන ශ්‍රේණියේ තනතුරකට පත් කිරීම

මගේ සමාංක හා [දිනය] දිනැති පත්වීම් ලිපිය හා බැඳේ.

02. එකී ලිපියෙහි සඳහන් ඔබේ නම ඔබ උපවැදි වීම නිසා ඔබගේ ගිහි නම වන [නම] සහ එහි සඳහන් ලිපිනය [ලිපිනය] ලෙස ද, පළමු ඡේදයෙන් ඔබ පත් කරනු ලැබූ කාර්යාලය [ආයතනයේ නම] ලෙස ද සංශෝධනය කරමි. පත්වීම් ලිපියෙහි සඳහන් අනෙකුත් කරුණු නොවෙනස්ව පවතිනු ඇත.

03. තවද උක්ත සමාංක හා [දිනය] දිනැති සංශෝධන ලිපිය මෙමඟින් අවලංගු කරන බව වැඩිදුරටත් දැනුම් දෙමි.

[යවන්නාගේ නම],
ඒකාබද්ධ සේවා අධ්‍යක්ෂ ජනරාල්

පිටපත්:
01. ලේකම්, [ආයතනයේ නම]
02. ලේකම්, [ආයතනයේ නම]
03. දිස්ත්‍රික් ලේකම්, [ගම/නගරය]
04. ප්‍රාදේශීය ලේකම්, [ගම/නගරය]
05. විශ්‍රාම වැටුප් අධ්‍යක්ෂ ජනරාල්
06. විගණකාධිපති"
APT010,appointment,formal,si,ගණකාධිකාරිවරයෙකු ස්ථාන මාරු කර සේවයෙන් නිදහස් කිරීම,"ප්‍රාදේශිය ලේකම් කාර්යාලය - [ගම/නගරය]

මගේ අංකය - [ලිපි අංකය]
දිනය - [දිනය]

[ලබන්නාගේ නම] මහතා
ගණකාධිකාරි

ස්ථාන මාරුව හා නිදහස් කිරීම.

දිසාපතිතුමා, දිසාපති කාර්යාලය, [ගම/නගරය] ගේ අංකය [ලිපි අංකය] හා [දිනය] දින ලිපිය හා සම්බන්ධවයි.

ඉහත ලිපිය අනුව ඔබ [දිනය] දින සිට ප්‍රාදේශිය ලේකම් [ගම/නගරය] හි වැඩ භාර ගන්නා හැටියට [දිනය] දින රාජකාරියෙන් මුදවා නිදහස් කරනු ලැබේ.

එහෙයින් ඔබ සතු රජයේ දේපල ලිපි ලේඛන ආදිය අලුතින් ස්ථාන මාරු වී පැමිණෙන [නම] මහතා ගණකාධිකාරි වෙත වෙනත් දිනක භාර දී වාර්තා කළ යුතු අතර අලුත් ස්ථානයේ රාජකාරි භාරගෙන ඒ බව ආයතන ප්‍රධානියා මගින් දිසාපති, දිස්ත්‍රික් ලේකම් කාර්යාලය වෙත වාර්තා කරන අතර මටද පිටපතක් යවන ලෙස ඉල්ලා සිටිමි.

[යවන්නාගේ නම],
ප්‍රාදේශිය ලේකම්,
ප්‍රාදේශිය ලේකම් කාර්යාලය,
[ගම/නගරය]"
APT011,appointment,formal,si,රාජ්‍ය කළමනාකරණ සහයකවරියක් ආයතන ශාඛාවට අනුයුක්ත කිරීම,"මගේ අංකය: [ලිපි අංකය]
ප්‍රාදේශීය ලේකම් කාර්යාලය,
[ගම/නගරය]
[දිනය]

[ලබන්නාගේ නම] මෙනවිය,
රාජ්‍ය කළමනාකරණ සහයක III

සේවයට අනුයුක්ත කිරීම

ඒකාබද්ධ සේවා අධ්‍යක්ෂ ජෙනරාල්තුමාගේ අංකය [ලිපි අංකය] හා [දිනය] දින පත්වීම් ලිපිය අනුව [දිනය] දින මෙම ලේකම් කාර්යාලයේ වැඩ භාර ගත් ඔබ වහාම ක්‍රියාත්මක වන පරිදි ආයතන ශාඛාවට අනුයුක්ත කරන ලදී.

ඒ නිසා පරිපාලන නිලධාරි වෙත වැඩ භාරගෙන රාජකාරියේ යෙදෙන ලෙස ඉල්ලා සිටිමි.

[යවන්නාගේ නම],
ප්‍රාදේශීය ලේකම්,
ප්‍රාදේශීය ලේකම් කාර්යාලය,
[ගම/නගරය]

පිටපත් -
1. පරිපාලන නිලධාරි, ප්‍රාදේශීය ලේකම් කාර්යාලය - අවශ්‍ය කටයුතු සඳහා
2. පෞද්ගලික ලිපි ගොණුව"
APT012,appointment,formal,si,කළමනාකරණ සහයකවරියක් ස්ථාන මාරුව මත සේවයෙන් නිදහස් කිරීම,"ප්‍රාදේශිය ලේකම් කාර්යාලය - [ගම/නගරය]
මගේ අංකය - [ලිපි අංකය]
දිනය - [දිනය]

[ලබන්නාගේ නම] මහත්මිය,
කළමනාකරණ සහයක II.

සේවයෙන් නිදහස් කිරීම

දිසාපතිතුමාගේ අංකය [ලිපි අංකය] හා [දිනය] දින ලිපිය හා සම්බන්ධවයි.

ඔබ [ආයතනයේ නම] දී [දිනය] දින රාජකාරි වැඩ භාර ගැනීමට හැකි වන පරිදි [දිනය] දින රාජකාරි වෙලාවෙන් පසු මෙම කාර්යාලයේ සිට නිදහස් කරනු ලැබේ.

එනිසා ඔබ සතුව ඇති ලිපි ලේඛන, බඩුබාහිරාදිය ගණකාධිකාරිතුමා විසින් නම් කරනු ලබන නිලධාරි වෙත භාර දෙන ලෙස මෙයින් දැනුම් දෙමි.

තවද නව සේවා ස්ථානයේ වැඩ භාර ගෙන ප්‍රාදේශිය ලේකම් මගින් දිසාපතිතුමාට අමතා මට ද පිටපතක් එවන ලෙස දන්වා සිටිමි.

[යවන්නාගේ නම],
ප්‍රාදේශීය ලේකම්,
[ගම/නගරය]

පිටපත් -
01. දිසාපතිතුමා, දිසා ලේකම් කාර්යාලය - දැන ගැනීම සඳහා
02. ප්‍රාදේශීය ලේකම්තුමා, ප්‍රාදේශිය ලේකම් කාර්යාලය
03. ගණකාධිකාරිතුමා - රාජකාරි වගකීම සුදුසු නිලධාරියා වෙත භාරදීම හා වැටුප් විස්තර යැවීම සඳහා
04. නිවාඩු කළමනාකරණ සහයක - නිවාඩු විස්තර යැවීම සඳහා
05. පෞද්ගලික ලිපි ගොනුව"
APT013,appointment,formal,si,මුදල් සහකාරවරයෙකු ස්ථාන මාරුව මත සේවයෙන් නිදහස් කිරීම,"මගේ අංකය: [ලිපි අංකය]

ප්‍රාදේශීය ලේකම් කාර්යාලය,
[ගම/නගරය]
[දිනය]

[ලබන්නාගේ නම] මහතා, පො.කළ.සහයක I
මුදල් සහකාර

ගණකාධිකාරි, [ගම/නගරය] මගින් :-

සේවයෙන් නිදහස් කිරීම

දිසාපතිතුමාගේ අංකය [ලිපි අංකය] හා [දිනය] දින ස්ථාන මාරුවීම් ලිපිය හා සම්බන්ධවයි.

ඔබ [ආයතනයේ නම] දී [දිනය] දින වැඩ භාර ගැනීමට හැකි වන පරිදි [දිනය] දින රාජකාරි වෙලාවෙන් පසු මෙම කාර්යාලයේ සිට නිදහස් කරනු ලැබේ.

එනිසා ඔබ සතුව ඇති රජයේ දේපල හා ලිපි ලේඛන යනාදිය මුදල් අංශයේ ප්‍රධාන කළමනාකරණ සහයක වෙත භාර දී ඒ බව දන්වන මෙන් ඉල්ලා සිටිමි.

[යවන්නාගේ නම],
ප්‍රාදේශීය ලේකම්,
[ගම/නගරය]

පිටපත් -
01. දිසාපතිතුමා - දැන ගැනීම සඳහා
02. ප්‍රාදේශීය ලේකම් - අවශ්‍ය කටයුතු සඳහා
03. ගණකාධිකාරි - වැටුප් විස්තර යැවීම සඳහා
04. ප්‍රධාන කළමනාකරණ සහයක - මුදල් අංශය - භාරගැනීම සඳහා
05. පෞද්ගලික ලිපි ගොනුව"
APT014,appointment,formal,si,කළමනාකරණ සහයකවරියක් සමාජ සේවා අංශයට අභ්‍යන්තර ස්ථාන මාරු කිරීම,"මගේ අංකය: [ලිපි අංකය]

ප්‍රාදේශීය ලේකම් කාර්යාලය,
[ගම/නගරය]
[දිනය]

[ලබන්නාගේ නම] මහත්මිය
රජයේ කළමනාකරණ සහයක II

අභ්‍යන්තර ස්ථාන මාරුව

ඔබ වහාම ක්‍රියාත්මක වන පරිදි පරිවාස නිලධාරි, කාන්තා සංවර්ධන නිලධාරි, ළමා අයිතිවාසිකම් සංවර්ධන සහයක හා මනෝ වර්ධන සහයක යන අයගේ රාජකාරි ඉටු කිරීම සඳහා මෙම කාර්යාලයේ සමාජ සේවා අංශයට අනුයුක්ත කරන ලදි.

එනිසා ඔබ භාරයේ ඇති රාජකාරි ඔබගේ විෂයය සඳහා පත් කරනු ලබන [නම] මහත්මිය වෙත භාර දී ඔබගේ නව රාජකාරිය භාරගෙන කරගෙන යන ලෙස ඉල්ලා සිටිමි.

[යවන්නාගේ නම],
ප්‍රාදේශිය ලේකම්,
[ගම/නගරය]

පිටපත් -
1. සමාජ සේවා නිලධාරි - දැන ගැනීම සඳහා
2. නිවාඩු කළමණාකාර සහයක - අවශ්‍ය කටයුතු සඳහා
3. පෞද්ගලික ලිපි ගොනුව"
APT015,appointment,formal,si,සංවර්ධන නිලධාරියෙකු නිදහස් කර දෙපාර්තමේන්තුවකට අනුයුක්ත කිරීම,"ප්‍රාදේශීය ලේකම් කාර්යාලය : [ගම/නගරය]
මගේ අංකය: [ලිපි අංකය]
දිනය: [දිනය]

[ලබන්නාගේ නම] මහතා
සංවර්ධන නිලධාරි - II ශ්‍රේණිය

ස්ථාන මාරු නිදහස් කිරීම - රාජකාරි සඳහා අනුයුක්ත කිරීම

ඉහත කරුණ සම්බන්ධව ප්‍රධාන ලේකම්, පරිපාලනය, ප්‍රධාන ලේකම් කාර්යාලය හි අංක [ලිපි අංකය] හා [දිනය] දින හා නියෝජ්‍ය ප්‍රධාන ලේකම්, සැලසුම්ගේ අංක [ලිපි අංකය] හා [දිනය] වැනි දින සේවාව සඳහා අනුයුක්ත කිරීමේ නියෝගය මත

02. ඔබ [දෙපාර්තමේන්තුව] [දිනය] වැනි දින රාජකාරි භාර ගැනීමට හැකි වන පරිදි [දිනය] වැනි දින රාජකාරි වේලාවෙන් පසු අප ලේකම් කාර්යාලයේ සිට නිදහස් කරනු ලබන බව කාරුණිකව දන්වමි.

03. තව ද ඔබ භාරයේ ඇති ලිපි ලේඛන, වාර්තා සටහන්, ලිපි ගොණු, රජයේ දේපල, පරිගණක ආරක්ෂක පද ඇතොත් ඒවා සහකාර අධ්‍යක්ෂ සැලසුම් මගින් නියම කරනු ලබන නිලධාරියා වෙත භාර දෙන මෙන් ඉල්ලා සිටිමි.

04. තව ද අලුත් සේවා ස්ථානයේ වැඩ භාර ගෙන ඒ බව වහාම ෆැක්ස් මගින් ද මුල් පිටපත දෙපාර්තමේන්තු ප්‍රධානියා මගින් නියෝජ්‍ය ප්‍රධාන ලේකම්, පරිපාලනය තුමාට ද අනිකුත් අය වෙත පිටපත් මගින් දැනුම් දෙන ලෙස ඉල්ලා සිටිමි.

ප්‍රාදේශීය ලේකම්,
ප්‍රාදේශීය ලේකම් කාර්යාලය,
[ගම/නගරය]"
CMP009,complaint,formal,si,පාසල අසල අවිධිමත් රථ වාහන නැවැත්වීම පිළිබඳ පැමිණිල්ල,"[ආයතනයේ නම]
[ලිපිනය]

ලි.ප.අ: [ලිපි අංකය]
[දිනය]

රථ වාහන මූලස්ථාන පොලිස් පරීක්ෂක තුමා,
පොලිස් මූලස්ථානය,
[ලිපිනය].

[පාසලේ නම] අසල කෙරෙන අවිධිමත් රථ වාහන නැවැත්වීම පිළිබඳවයි.

* පාසලේ ප්‍රධාන දොරටුව පිහිටා ඇත්තේ ප්‍රධාන පාරට මූණලාය. ([ලිපිනය] මහා මාර්ගය)
* පාසලට එන වෑන් රථ බොහෝමයක් එක දිගට [වේලාව] වන තෙක් පාසල් සීමාවේ පාර දෙපසම නවතා ඇත.
* පාසල ඉදිරිපිට නිවෙස්වලට යාමට අපහසු වන සේද මේ වාහන නතර කරනු දැක ගත හැක.
* විශාල වාහන සංඛ්‍යාවක් යන එන මෙහි දෙපසම මේ පාසල් බස් රථ නතර කිරීම නිසා පාරේ යන වාහනවලටද විශාල බාධාවකි.
* පාසල් හන්දියේ සිට [ගම/නගරය] හරහා [ගම/නගරය] දක්වා දිවෙන පාර ඇත්තේ නිවෙස්වලින් අඩු කැලයක් මැදිනි. එම පාරේ යන වාහන සංඛ්‍යාව ද අඩුය.
* පාසල් බස් රථ එම පාරේ නවත්වන්නේ නම් ඉහත කී ගැටලු යම් තරමකට විසඳාගත හැකි වනු ඇතැයි සිතමි.
* තවද උදයට හා [වේලාව] - [වේලාව] අතර කාලයට පොලිස් නිලධාරියකුගේ සහය ලැබෙන්නේ නම් මේ කටයුත්ත නිසියාකාරව සිදු කර ගත හැකැයි සිතමි.

සාම විනිසුරු
[යවන්නාගේ නම]"
CMP010,complaint,formal,si,ක්‍රීඩා උයනට වෙන් කළ ඉඩම අනිසි ලෙස භාවිත කිරීම පිළිබඳ පැමිණිල්ල,"[ආයතනයේ නම]

මගේ අංකය - [ලිපි අංකය]        දිනය - [දිනය]

ලේකම්,
ප්‍රාදේශීය සභාව,
[ලිපිනය].

ළමා ක්‍රීඩා උයනක් නිර්මාණය කිරීම සඳහා වූ ඉඩම

ඉහත කරුණු සම්බන්ධව [ගම/නගරය] ග්‍රාම නිලධාරි වසමේ ඉහත අවශ්‍යතාවය සඳහා ඔබගේ ආයතනයට ඉඩම ලබාදීමට අවශ්‍ය කටයුතු කර එම ඉඩම සංවර්ධනය කිරීමටද අනුමැතිය ලබා දී ඇත.

එහෙත් මෙම ඉඩම උක්ත කාරණය සඳහා යොදා නොගෙන පුද්ගලිකව හඳුනන අයෙකුට නීති විරෝධී ලෙස කඩයක් නිර්මාණය කර ව්‍යාපාර කටයුතු කිරීමට අනුමැතිය දී ඇත. මෙම ක්‍රියාව අප ඉඩම් කළමනාකරණ විෂයයට බාධාවන් ඇති කර ඇත.

එමනිසා උක්ත ඉඩමේ බලහත්කාරයෙන් පදිංචිවීමට එරෙහිව ඉවත් කිරීමේ නියෝග නිකුත් කර ඇත. තවද මෙම ඉඩම නියමිත කාරණයට යොදා නොගැනීම නිසා මගේ සමාංක හා [දිනය] දින ලිපිය මගින් වෙනත් සංවර්ධන කරුණක් සඳහා මෙම ඉඩම ලබාදීමට කටයුතු කරනු ලබන බව ඔබට නැවත දැනුම් දෙමි.

ප්‍රාදේශීය ලේකම්,
[ලිපිනය]

පිටපත - ග්‍රාම නිලධාරි, [ගම/නගරය] - ඉඩම නැවත වහා ලබාගැනීම සඳහා"
CMP011,complaint,formal,si,වාහන ඉන්ධන පරිභෝජන පරීක්ෂාව ප්‍රමාද වීම පිළිබඳ පැමිණිල්ල,"[ආයතනයේ නම]

මගේ අංකය - [ලිපි අංකය]        දිනය - [දිනය]

මෝටර් රථ පරීක්ෂක,
මෝටර් ගමනාගමන දෙපාර්තමේන්තුව,
[ලිපිනය].

[ලියාපදිංචි අංකය] අංක දරන කාර්යාලයීය වාහනය සඳහා වූ ඉන්ධන පරිභෝජනය පරීක්ෂා කිරීම

අපගේ සමාංක හා [දිනය], [දිනය] හා [දිනය] යන දින සඳහන් ලිපි අනුව උක්ත වාහනයේ ඉන්ධන පරිභෝජනය පරීක්ෂා කිරීම සඳහා ඉල්ලීම් අප විසින් ඉදිරිපත් කරන ලදී. එහෙත් මේ දක්වා පරීක්ෂණ සිදු කර නැත. අවසන් වශයෙන් [දිනය] දිනයේදී පරීක්ෂා කර ඇති බව ඔබ වෙත දැනුම් දෙමි.

උක්ත පරීක්ෂාව සඳහා වූ කාලය ගත වී ඇති අතර පරීක්ෂණයේ අවශ්‍යතාවය සැලකිල්ලට ගෙන ප්‍රමාද නොවී සුදුසු දිනයක් අප වෙත දන්වන ලෙස දන්වා සිටින අතර පරීක්ෂාව පවත්වා වාර්තාවක් ලබාදීමට උපකාරී වන ලෙසද ඉල්ලා සිටිමි.

මේ සම්බන්ධයෙන් ඔබතුමාගේ පෞද්ගලික අවධානය යොමු කරනු ඇතැයි ඉතා කාරුණිකව බලාපොරොත්තු වෙමි.

[යවන්නාගේ නම]
ප්‍රාදේශීය ලේකම්,
[ලිපිනය]

පිටපත - දිසාපතිතුමා, දිසා ලේකම් කාර්යාලය, [ලිපිනය] - දැනගැනීම සඳහා"
CMP012,complaint,formal,si,නිවසට අනතුරුදායක ගස් ඉවත් නොකිරීම පිළිබඳ පැමිණිල්ල,"නාගරික කොමසාරිස්,
මහනගර සභාව,
[ලිපිනය].

නිවසට අනතුරුදායක ලෙස පිහිටා ඇති ගස් සම්බන්ධවයි.

[ලිපිනය] දරන නිවසේ පදිංචි [නම] යන අය විසින් ඔහුගේ නිවසට සහ තාප්පයට ඉතාමත් අනතුරුදායක තත්වයේ පවතින යාබද ඉඩමේ පිහිටි මී ගසක්, තේක්ක ගසක් සහ දෙල් ගසක් ඉවත් කර ගැනීමට ඔබ වෙත ඉල්ලීම් කර ඇත.

මේ වනතෙක් එම ගස් කපා බිම හෙළීමට කටයුතු කර නොමැති බව වසමේ ග්‍රාම නිලධාරි විසින් මා වෙත වාර්තා කර ඇති අතර මෙම ගස් හේතුවෙන් දැඩි අනතුරුදායක තත්වයක් උද්ගත වී ඇති බවද වාර්තා කර ඇත.

02. මේ දිනවල පවතින අධික වර්ෂාව සහ සුළං නිසා අනතුරු සිදුවිය හැකි බැවින් කඩිනමින් අවශ්‍ය ඉදිරි ක්‍රියාමාර්ග ගෙන මෙම ගස් ඉවත් කිරීමට කටයුතු කරන ලෙසට කාරුණිකව දන්වමි.

[යවන්නාගේ නම],
ප්‍රාදේශීය ලේකම්,
[ලිපිනය]."
CMP013,complaint,formal,si,දුම්රිය බලපත්‍ර හිඟ මුදල් හා උපදෙස් නොපිළිපැදීම පිළිබඳ පැමිණිල්ල,"මිනින්දෝරු අධිකාරී,
දිස්ත්‍රික් මිනින්දෝරු කාර්යාලය,
[ලිපිනය].

[දිනය] දිනට දුම්රිය බිල්පත් සඳහා අය වීමට ඇති හිඟ මුදල් - ගිණුම් අංකය [ගිණුම් අංකය]

ඔබ අමාත්‍යාංශයෙන්/ දෙපාර්තමේන්තුවෙන්/ ආයතනයෙන් නිකුත් කර ඇති දුම්රිය බලපත්‍ර වෙනුවෙන් [දිනය] දිනට අයවීමට ඇති හිඟ මුදල මේ සමග අමුණා ඇති උපලේඛනයේ පරිදි [මුදල] වේ.

02. ඔබ විසින් දුම්රිය බලපත්‍ර නිරවුල් කිරීමේදී අප විසින් දී ඇති උපදෙස් අනුව ක්‍රියා නොකිරීම නිසා ගෙවනු ලබන චෙක්පත්වල සඳහන් මුදලට අදාළ විස්තර නොමැති වීමෙන් ගිණුම්ගත කිරීම දුෂ්කර වී ඇත.

එම නිසා ඔබ විසින් බිල්පත් නිරවුල් කිරීමේදී ගෙවනු ලබන මුදලට අදාළ ඉන්වොයිස් අංකය අනිවාර්යයෙන්ම සඳහන් කළ යුතු වේ."
CMP014,complaint,formal,si,රජයේ ඉඩම් අනවසරයෙන් විකිණීම සම්බන්ධ වාර්තාවේ අඩුපාඩුව,"ප්‍රාදේශීය ලේකම්,
[ලිපිනය].

[ආයතනයේ නම] විසින් රජයේ ඉඩම් අනවසරයෙන් විකිණීම හා පවරා දීම.

උක්ත කරුණ [දිනය] දිනැති ලිපිය හා බැඳේ.

02. [නම] මහතා විසින් [දිනය] දිනැතිව එවන ලද ලිපියෙන් ඉඩම් විකිණීම සහ රබර් හා තවත් වටිනා ගස් කපා විකිණීමක් සිදුවන බව දන්වා ඇති අතර ඔබගේ වාර්තාවේ ඒ පිළිබඳව තොරතුරු අන්තර්ගත වී නොමැත.

03. එබැවින් ඒ පිළිබඳව පරීක්ෂා කර බලා කඩිනමින් වාර්තාවක් මා වෙත ලබා දෙන ලෙස කාරුණිකව දන්වා සිටිමි.

[යවන්නාගේ නම],
අතිරේක දිස්ත්‍රික් ලේකම් (ඉඩම්),
දිස්ත්‍රික් ලේකම් වෙනුවට."
APT016,appointment,formal,si,රාජ්‍ය කළමනාකරණ සහකාර සේවයේ III ශ්‍රේණියට අන්තර්ග්‍රහණය කිරීම,"මගේ අංකය : [ලිපි අංකය]
ආයතන අංශය,
[දෙපාර්තමේන්තුව],
[ලිපිනය].

සහකාර කම්කරු කොමසාරිස් ([ලිපිනය]) මගින්,
[නම] මයා,
රාජ්‍ය කළමනාකරණ සහකාර III,

රාජ්‍ය කළමනාකරණ සහකාර සේවයේ III ශ්‍රේණියට අන්තර්ග්‍රහණය කිරීම.

උක්ත කරුණ සම්බන්ධයෙන් වන ඒකාබද්ධ සේවා අධ්‍යක්ෂ ජනරාල් විසින් මට ද පිටපතක් සහිතව මා මගින් ඔබ අමතා ඇති අංක [ලිපි අංකය] හා [දිනය] දිනැති ලිපිය මේ සමඟ එවමි.

02. ඒ අනුව [දිනය] දින සිට ක්‍රියාත්මක වන පරිදි රාජ්‍ය කළමනාකරණ සහකාර සේවයේ III ශ්‍රේණියට අන්තර්ග්‍රහණය කර ඇති බව සතුටින් දන්වා සිටිමි.

මෙම අන්තර්ග්‍රහණය නිසා ඔබගේ වැටුපෙහි හෝ වැටුප් වර්ධක දිනයෙහි කිසිදු වෙනසක් සිදු නොවන බව කාරුණිකව දන්වා සිටිමි.

කම්කරු කොමසාරිස් ජනරාල් වෙනුවට"
APT017,appointment,formal,si,සංවර්ධන නිලධාරි තනතුරෙහි රාජකාරි සඳහා වාර්තා කිරීම සනාථ කිරීම,"[ආයතනයේ නම],
[ලිපිනය],
[දිනය]

ප්‍රාදේශීය ලේකම් මඟින්,
ඒකාබද්ධ සේවා අධ්‍යක්ෂ.

[ආයතනයේ නම] සංවර්ධන නිලධාරි සේවයේ III ශ්‍රේණියේ තනතුරෙහි රාජකාරි සඳහා වාර්තා කිරීම.

ඉහත සඳහන් තනතුරට මා පත් කරමින් ඒකාබද්ධ සේවා අධ්‍යක්ෂ ජනරාල් විසින් නිකුත් කරන ලද [දිනය] දිනැති [ලිපි අංකය] අංක දරණ ලිපිය හා බැඳේ.

02. එම ලිපියෙහි සඳහන් කොන්දේසිවලට එකඟව අදාළ රාජකාරි හා වගකීම් ඉටු කිරීමට යටත්ව [දිනය] දින [ආයතනයේ නම] වෙත මා රාජකාරි වාර්තා කළ බැව් මෙයින් සනාථ කරමි.

මෙයට විශ්වාසී,

අත්සන - [යවන්නාගේ නම]
තනතුර - [තනතුර]
දිනය - [දිනය]

පිටපත්
01. ලේකම්, [ආයතනයේ නම] - කා.දැ.ස
02. දිස්ත්‍රික් ලේකම්, [ලිපිනය] - කා.දැ.ස
03. විශ්‍රාම වැටුප් දෙපාර්තමේන්තුව - කා.දැ.ස
04. විගණකාධිපති"
APT018,appointment,formal,si,පුරප්පාඩු ග්‍රාම නිලධාරි වසම්වල වැඩ බැලීමට නිලධාරීන් පත් කිරීම,"[ආයතනයේ නම]

මගේ අංකය - [ලිපි අංකය]        දිනය - [දිනය]

දිසාපතිතුමා,
දිස්ත්‍රික් ලේකම් කාර්යාලය,
[ලිපිනය].

පුරප්පාඩුව පවතින ග්‍රාම නිලධාරි වසම්වල වැඩ බැලීමේ රාජකාරි කිරීම සඳහා පත්වීම් හා ගෙවීම්

ඉහත කරුණ සම්බන්ධයෙන් ලේකම්, [ආයතනයේ නම] අංක [ලිපි අංකය] හා [දිනය] වන දින සහිත ලිපිය හා බැඳේ.

අප ප්‍රාදේශීය ලේකම් කොට්ඨාසයේ ඇති පහත සඳහන් ග්‍රාම නිලධාරි වසම්වල වැඩ බැලීමට පහත සඳහන් නිලධාරීන්ට අවසර ලබා දෙන ලෙස කාරුණිකව ඉල්ලා සිටිමි.

01. [නම] මයා - ස්ථිර සේවා වසම [ගම/නගරය] - වැඩ බලන සේවා වසම [ගම/නගරය] - [දිනය]
02. [නම] මයා - ස්ථිර සේවා වසම [ගම/නගරය] - වැඩ බලන සේවා වසම [ගම/නගරය] - [දිනය]
03. [නම] මිය - ස්ථිර සේවා වසම [ගම/නගරය] - වැඩ බලන සේවා වසම [ගම/නගරය] - [දිනය]
04. [නම] මයා - ස්ථිර සේවා වසම [ගම/නගරය] - වැඩ බලන සේවා වසම [ගම/නගරය] - [දිනය]

[යවන්නාගේ නම],
ප්‍රාදේශීය ලේකම්,
[ලිපිනය]."
APT019,appointment,formal,si,සංවර්ධන සහායකවරුන් සංවර්ධන නිලධාරි තනතුරට අන්තර්ග්‍රහණය කිරීම,"[ආයතනයේ නම]

ඔබගේ අංකය - [ලිපි අංකය]        මගේ අංකය - [ලිපි අංකය]        දිනය - [දිනය]

දිස්ත්‍රික් ලේකම්,
දිස්ත්‍රික් ලේකම් කාර්යාලය,
[ලිපිනය].

සංවර්ධන නිලධාරීන්ගේ සේවා කොන්දේසි සටහන් ක්‍රියාත්මක කිරීම - රාජ්‍ය පරිපාලන චක්‍රලේඛ [ලිපි අංකය]

ඉහත කරුණු සම්බන්ධ ඔබගේ අංක [ලිපි අංකය] හා [දිනය] දරන ලිපිය හා බැඳේ.

අප කාර්යාලයට අනුයුක්ත කර ඇති පහත සඳහන් සංවර්ධන සහායකවරුන් විසින් අදාළ චක්‍රලේඛය අනුව සංවර්ධන නිලධාරි තනතුරට අන්තර්ග්‍රහණය කිරීම සඳහා වූ ඉල්ලුම්පත්‍ර දැනටමත් යවා ඇත. (පිටපත් අමුණා ඇත.)

නමුත් එම චක්‍රලේඛයේ (II) වගන්තිය අනුව වැඩිදුර කටයුතු කිරීම සඳහා අවශ්‍ය පියවර කර දෙන ලෙස කාරුණිකව ඉල්ලා සිටිමි.

01. [නම] මිය - [දිනය] දී අදාළ අමාත්‍යාංශයට යවා ඇත.
02. [නම] මයා - [දිනය] දී අදාළ අමාත්‍යාංශයට යවා ඇත.
03. [නම] මිය - [දිනය] දී අදාළ අමාත්‍යාංශයට යවා ඇත.
04. [නම] මයා - [දිනය] දී අදාළ අමාත්‍යාංශයට යවා ඇත.

ප්‍රාදේශීය ලේකම්,
[ලිපිනය]"
APT020,appointment,formal,si,සංවර්ධන සහකාරවරුන්ට සේවයට අන්තර්ග්‍රහණය විය හැකි බව දැනුවත් කිරීම,"[ලිපිනය] දිස්ත්‍රික්කයේ සියලුම ප්‍රාදේශීය ලේකම්වරුන් වෙත,

[ආයතනයේ නම] අනුයුක්තව සිටි සංවර්ධන සහකාර / සංවර්ධන ක්ෂේත්‍ර සහකාර නිලධාරීන් නිශ්චිත අමාත්‍යාංශයකට අනුයුක්ත නොකිරීම.

උක්ත කරුණ සම්බන්ධයෙන් මා වෙත යොමු කර ඇති ස්වදේශ කටයුතු අමාත්‍යාංශ ලේකම්ගේ අංක [ලිපි අංකය] හා [දිනය] දිනැති ලිපිය හා බැඳේ.

02. ඒ අනුව පෙර [ආයතනයේ නම] සිට ස්වදේශ කටයුතු අමාත්‍යාංශයට අනුයුක්ත කරන ලද, සේවා ව්‍යවස්ථාවක් යටතට නොගැනෙන නිලධාරීන් අතුරින් සංවර්ධන නිලධාරි සේවා ව්‍යවස්ථාව ක්‍රියාත්මක වන දිනට සේවයේ යෙදී සිටි නිලධාරීන් හට සංවර්ධන නිලධාරි සේවයට අන්තර්ග්‍රහණය විය හැකි ලෙස අදාළ නිලධාරීන් දැනුවත් කරන මෙන් මා වෙත දන්වා ඇත.

03. එම නිසා, ඉහත කරුණ සම්බන්ධයෙන් ඔබ කාර්යාලයේ සිටින සංවර්ධන සහකාර / සංවර්ධන ක්ෂේත්‍ර සහකාර නිලධාරීන් මේ පිළිබඳව දැනුවත් කර මා වෙත වාර්තා කරන මෙන් කාරුණිකව දන්වා සිටිමි.

[යවන්නාගේ නම],
අතිරේක දිස්ත්‍රික් ලේකම්,
දිස්ත්‍රික් ලේකම් වෙනුවට."
APT021,appointment,formal,si,උපාධිධාරී අභ්‍යාසලාභියෙකු ග්‍රාම නිලධාරි වසමකට අනුයුක්ත කිරීම,"උපාධිධාරී අභ්‍යාසලාභීන් වසම් සඳහා අනුයුක්ත කිරීම

[දිනය] වන දින මෙම කාර්යාලයේ පුහුණුවට වාර්තා කළ ඔබ, වහාම ක්‍රියාත්මක වන පරිදි [ගම/නගරය] ග්‍රාම නිලධාරි වසම සඳහා අනුයුක්ත කරමි.

ඒ අනුව සහකාර අධ්‍යක්ෂ (සැලසුම්) වෙත වාර්තා කරන්න.

තවද අභ්‍යාසලාභී කාලය තුළ බැවින් කාර්යාල පැමිණීම සටහන් කර බැහැර රාජකාරි අනුමත කරවාගෙන ක්ෂේත්‍රයට යා යුතුය.

[යවන්නාගේ නම],
ප්‍රාදේශීය ලේකම්,
[ලිපිනය].

පිටපත් :
01. සහකාර ප්‍රාදේශීය ලේකම් - දැ.ග.ස
02. සහකාර අධ්‍යක්ෂ (සැලසුම්) - දැ.ග.ස
03. වැටුප් ලිපිකරු - දැ.ග.ස
04. නිවාඩු ලිපිකරු - දැ.ග.ස"
NTF021,notification,formal,si,නත්තල් උත්සවය සඳහා විශේෂ නිවාඩු දිනයක් ප්‍රකාශයට පත් කිරීම,"සාමාන්‍ය පාලන (සේවා) අංශය,
[ආයතනයේ නම],
[ලිපි අංකය]
[දිනය]

පීඨාධිපතිවරුන් / පුස්තකාලාධිපතිනි / මූල්‍යාධිකාරි,
අධ්‍යයනාංශ ප්‍රධානීන් / අංශ ප්‍රධානීන්,
සියලුම අධ්‍යයන හා අනධ්‍යයන කාර්ය මණ්ඩල, හා ශිෂ්‍යශිෂ්‍යාවන් වෙත,

නත්තල් උත්සවය සඳහා දෙනු ලබන විශේෂ නිවාඩුව

[ආයතනයේ නම] සම්ප්‍රදායිකව නත්තල් උත්සවය සඳහා විශේෂ නිවාඩු දිනයක් ප්‍රකාශයට පත් කරයි.

ඒ අනුව, [දිනය] දින සියලුම අධ්‍යයනාංශ / අංශ සඳහා නිවාඩු දිනයක් ලෙසත්, [දිනය] දින වාස්තු විද්‍යා පීඨය සඳහා පමණක් නිවාඩු දිනයක් ලෙසත් පාලක සභාව ප්‍රකාශයට පත් කර ඇත.

මෙම නිවාඩුව ඔබ දෙපාර්තමේන්තුවේ / අංශයේ / ඒකකයේ සියලුම දෙනාගේ දැන ගැනීමට සලස්වන ලෙස කාරුණිකව ඉල්ලා සිටිමි.

නියෝජ්‍ය ලේඛකාධිකාරි / සාමාන්‍ය පාලන (සේවා)
ලේඛකාධිකාරි වෙනුවට"
NTF022,notification,formal,si,කාර්යක්ෂමතා කඩඉම් පරීක්ෂණයේ ප්‍රතිඵල දැනුම් දීම,"මගේ අංකය : [ලිපි අංකය]
[දිනය]

[නම],
රාජ්‍ය කළමනාකරණ සහකාර III.

රාජ්‍ය කළමනාකරණ සහකාර සේවයේ III වන ශ්‍රේණියේ නිලධාරීන් සඳහා [දිනය] දින පවත්වන ලද කාර්යක්ෂමතා කඩඉම් පරීක්ෂණය

යථෝක්ත පරීක්ෂණයේ දී විභාග අංක [විභාග අංකය] යටතේ ඔබ පෙනී සිටි විෂයන්ගේ ප්‍රතිඵල පහත දැක්වේ.

1. කාර්යාල ක්‍රම - පෙනී සිට නැත
2. ගිණුම් ක්‍රම - පෙනී සිට නැත
3. පරිගණක පරීක්ෂණය - සමත්

මේ අනුව රාජ්‍ය කළමනාකරණ සහකාර සේවයේ III වන පන්තියේ නිලධාරීන් විසින් සමත් විය යුතු කාර්යක්ෂමතා කඩඉම් පරීක්ෂණය [දිනය] දිනට ඔබ සම්පූර්ණ කර ඇති බව කාරුණිකව දන්වමි.

[යවන්නාගේ නම],
[තනතුර].

පිටපත : ඒකාබද්ධ සේවා අධ්‍යක්ෂ ජනරාල් - කරු.දැ.ගැ.පි."
NTF023,notification,formal,si,කාර්යක්ෂමතා කඩඉම් පරීක්ෂණයෙන් හා දෙවන භාෂාවෙන් නිදහස් කිරීම දැනුම් දීම,"මගේ අංකය :- [ලිපි අංකය]
දිනය :- [දිනය]

[නම] මහතා,
ශ්‍රී.ලං.අ.ප.සේ. III,
[ආයතනයේ නම],
[ලිපිනය].

ශ්‍රී ලංකා අධ්‍යාපන පරිපාලන සේවයේ නිලධාරීන් සඳහා නියමිත කාර්යක්ෂමතා කඩඉම් පරීක්ෂණයෙන් හා දෙවන භාෂාවෙන් නිදහස් කිරීම.

[දිනය] දින සිට ක්‍රියාත්මක වන පරිදි ශ්‍රී ලංකා අධ්‍යාපන පරිපාලන සේවයේ III පන්තියට පත් කර ඇති ඔබ, [දිනය] දින සිට වලංගු වන පරිදි [ආයතනයේ නම] මගින් පවත්වන ලද පශ්චාත් උපාධි අධ්‍යාපන ඩිප්ලෝමා පරීක්ෂණයෙන් සමත්වී ඇති බැවින් හා අධ්‍යාපන පොදු සහතික පත්‍ර සාමාන්‍ය පෙළ විභාගයේදී ඉංග්‍රීසි භාෂාව විෂය සඳහා සම්මාන සාමාර්ථයක් ලබා ඇති බැවින්, [දිනය] දිනට නිදහස් වීමට නියමිත කාර්යක්ෂමතා කඩඉම් පරීක්ෂණයෙන් හා දෙවන භාෂාවෙන් [දිනය] දින සිට නිදහස් කරන ලද බව කාරුණිකව දන්වමි.

[යවන්නාගේ නම],
අතිරේක ලේකම්,
(අධ්‍යාපන සේවා ආයතන),
අධ්‍යාපන ලේකම් වෙනුවට.

පිටපත් -
01. විභාග කොමසාරිස් ජනරාල්.
02. පෞද්ගලික ලිපි ගොනුවට."
NTF024,notification,formal,si,තනතුරෙන් ඉවත් වීම මත යතුරු පැදියේ වටිනාකම ගෙවීම දැනුම් දීම,"මගේ අංකය - [ලිපි අංකය]
ඔබේ අංකය - [ලිපි අංකය]
දිනය - [දිනය]

අය වැය යෝජනා යටතේ ක්ෂේත්‍ර නිලධාරීන් සඳහා ලබා දුන් යතුරු පැදිය

ඉහත වැඩසටහන යටතේ ලැබුණු වරප්‍රසාදය [දිනය] දින ඔබ වැඩිහිටි හිමිකම් ප්‍රවර්ධන සහකාර තනතුරෙන් ඉවත්ව යාම සමඟ අහිමි වන බව මෙයින් දන්වමි.

02. ඒ අනුව, දිස්ත්‍රික් ලේකම්ගේ අංක [ලිපි අංකය] හා [දිනය] දිනැති ලිපියෙන් අයවැය යෝජනා අනුව යතුරු පැදි ලබාගත් ක්ෂේත්‍ර නිලධාරීන් ඉවත් වන්නේ නම් ඔහුට නිකුත් කර ඇති යතුරු පැදියක සම්පූර්ණ වෙළඳපොළ වටිනාකම රජයට එකවර ගෙවා යතුරුපැදිය ලබාගත යුතුය.

03. අයවැය අධ්‍යක්ෂ ජනරාල්ගේ අංක [ලිපි අංකය] හා [දිනය] දිනැති ලිපිය අනුව එම යතුරුපැදියේ වෙළඳ වටිනාකම වන [මුදල] වහාම ක්‍රියාත්මක වන පරිදි රජයට ගෙවීමට පියවර ගන්නා ලෙස මෙයින් දන්වන අතර එහි පිටපතක්ද මේ සමඟ එවමි.

සහකාර ප්‍රාදේශීය ලේකම්,
[ලිපිනය]."
NTF025,notification,formal,si,සමාජ ආරක්ෂණ විශ්‍රාම වැටුප් වාරික සටහන් පොත ලබා දීම දැනුම් දීම,"මහත්මියණි / මහත්මයාණෙනි,

සමාජ ආරක්ෂණ විශ්‍රාම වැටුප් යෝජනා ක්‍රමය - වාරික මුදල් සටහන් පොත ලබාදීම. දායක අංකය - [දායක අංකය]

රාජ්‍ය විශ්‍රාම වැටුපකට හිමිකම් නොකියන ජනතාව වෙනුවෙන් ක්‍රියාත්මක සමාජ ආරක්ෂණ විශ්‍රාම වැටුප් යෝජනා ක්‍රමයේ දායකත්වය ලබා ඔබගේ වැඩිහිටි දිවියට ලබාගත් සුරක්ෂිතභාවය වෙනුවෙන් මා සතුටට පත්වෙමි.

ඔබගේ ඉදිරි වාරික මුදල් ගෙවීම සඳහා අංක [ලියාපදිංචි අංකය] දරණ මුදල් වාරික සටහන් පොත මේ සමග එවමි.

ඔබගේ වාරික මුදල [මුදල] වන අතර, එම වාරික මුදල මාසිකව / ත්‍රෛමාසිකව / වාර්ෂිකව ගෙවීමට කටයුතු කළ යුතුය. ඔබගේ නියමිත දිනයට වාරික ගෙවීමට කටයුතු කළ යුතුය. වාරිකයක් ගෙවීමේදී දින 30 ක සහන කාලයක් හිමිවේ. ප්‍රමාදව වාරික ගෙවීමේදී හා අක්‍රමවත් වාරික එකතු කර ගෙවීමේදී ඒ සඳහා ප්‍රමාද ගාස්තුවක් අයකරනු ලැබේ.

අඛණ්ඩව හෝ කඩින් කඩ හෝ වන පරිදි වාරික 10 ක් නොගෙවා සිටීමෙන් දායකත්වය අහෝසි වන බව අවධාරණය කරමි. විශ්‍රාම වැටුප් යෝජනා ක්‍රමයට අදාළ ඔබට හිමි ඔප්පුව ඉදිරියේදී ලැබෙනු ඇත.

මේ පිළිබඳව සියළුම විමසීම් සඳහා [දුරකථන අංකය] දුරකථනයෙන් ලබාගත හැකි අතර, එසේ නොමැතිනම් ලිඛිතව දන්වා එවීමට කටයුතු කරන ලෙසද වැඩිදුරටත් දන්වමි. අබලතාවයක් හෝ මරණයක් සිදුවීමේදී වන්දි මුදල් ලබාගැනීම සඳහා අදාළ සිදුවීම සිදුවී දින 90 ක් ඇතුළත දැනුම් දිය යුතු වේ.

දිස්ත්‍රික් සම්බන්ධීකරණ නිලධාරී"
NTF026,notification,formal,si,කුවිතාන්සියක් නොමැති නිසා උප්පැන්න සහතික ඉල්ලුම්පත ආපසු එවීම,"මගේ අංකය - [ලිපි අංකය]
[ආයතනයේ නම],
[ලිපිනය].

[දිනය]

[නම],
[ලිපිනය].

උප්පැන්න සහතික ඉල්ලුම් පත්‍රය සම්බන්ධවයි

ඔබ විසින් යවන ලද ඉහත ඉල්ලුම් පත්‍රය හා බැඳේ.

දැනට උප්පැන්න සහතික පිටපතක් සඳහා [මුදල] (එක් පිටපතකට) වටිනා කුවිතාන්සියක් භාවිතා කරන නිසා, ඔබගේ ඉල්ලුම් පත්‍රය සම්බන්ධ කිසිදු පියවරක් ගැනීමට නොහැකි වී තිබෙන බව කාරුණිකව දන්වා සිටිමි. ඔබ විසින් නියමිත මුදල බැංකුවේ තැන්පත් කර කුවිතාන්සියක් ලබා ගෙන ඒ සමග ඉල්ලුම් පත්‍රය යොමු කළහොත් ඒ සඳහා උප්පැන්න සහතිකය ලබාදීමට හැකි වන බව කාරුණිකව දන්වා සිටිමි. මුද්දර අලවන ලද ඉල්ලුම් පත්‍රය මේ සමග ආපසු එවමි.

ඔබගේ සේවයේ නියුතු

ප්‍රාදේශීය ලේකම් වෙනුවට,
[ලිපිනය]."
NTF027,notification,formal,si,අනවසර තාවකාලික ගොඩනැගිල්ල ඉවත් කරන ලෙස දැනුම් දීම,"[නම] මයා,
[ලිපිනය].

[ගම/නගරය] පිහිටි ඉඩමේ පස් කපා ඉවත් කිරීම සම්බන්ධව

ඔබ විසින් [ගම/නගරය] ඉඩමේ අංක [ලියාපදිංචි අංකය] කොටසේ අනවසරයෙන් ඉදිකරනු ලබන තාවකාලික ගොඩනැගිල්ල සම්බන්ධව [දිනය] වන දින සිදු කරනු ලැබූ පරීක්ෂණය හා බැඳේ.

ඔබ විසින් ඉහත ඉඩමේ පස් කණ්ඩිය ආසන්නයේ ඉදිකර ඇති තාවකාලික ගොඩනැගිල්ල අනතුරුදායක බැවින් වහාම කඩා ඉවත් කරන ලෙසට දැනුම් දෙමි. තවද ඉඩම කෙළවරේ ඉදිකර ඇති ස්ථිර ගොඩනැගිල්ලේ වහලට වැටෙන වැසි ජලය පස් කණ්ඩියට වැටීම වැළැක්වීම සඳහා පීල්ලක් සවිකරන ලෙසද දැනුම් දෙමි.

ඔබ විසින් එසේ කිරීම පහර හැරියහොත් නීතිය මගින් කටයුතු සිදුකරන බව වැඩිදුරටත් දන්වා සිටිමි.

සභාපති,
ප්‍රාදේශීය සභාව.

පිටපත් : ප්‍රාදේශීය ලේකම්, [ආයතනයේ නම] - දැ.ගැ.පි."
APP025,application,formal,si,විශ්‍රාම පූර්ව නිවාඩු ලබා දෙන ලෙස අයදුම් කිරීම,"[යවන්නාගේ නම],
(කළමනාකරණ සහකාර),
[ආයතනයේ නම],
[ලිපිනය].

ප්‍රාදේශීය ලේකම්,
[ආයතනයේ නම],
[ලිපිනය].

විශ්‍රාම පූර්ව නිවාඩු ඉල්ලීම.

අඩුබර දරුවකු ලෙස ඉපදුනු දියණියගේ දරුවා දැනට අප නිවසේ අප භාරයේ පසුවන බැවින් හා ඇය නිතර අසනීප වන බැවින් අපගේ අවධානය ඇයට දැඩිව අවශ්‍යව ඇත.

දරුවාගේ මව හා පියා දුර බැහැර රාජකාරියේ යෙදෙති.

මේ පිළිබඳව සානුකම්පිතව සලකා බලා මා හට විශ්‍රාම පූර්ව නිවාඩු අනුමත කර දෙන මෙන් ඉතා කාරුණිකව ඉල්ලා සිටිමි.

මීට,
විශ්වාසී,
[යවන්නාගේ නම]."
APP026,application,formal,si,වැන්දඹු හා අනත්දරු විශ්‍රාම වැටුප ලබා දෙන ලෙස ඉල්ලුම් කිරීම,"විශ්‍රාම වැටුප් අංශය,
[ආයතනයේ නම],
[ලිපිනය].
[දිනය]

වැන්දඹු හා අනත්දරු විශ්‍රාම වැටුප් ගෙවීම - මියගිය [නම] මයා

ඉහත කරුණ සම්බන්ධයෙන් [නම] මහත්මිය විභාගයට කැඳවා විභාග කළ අවස්ථාවේදී ඇය ප්‍රකාශ කළ විස්තර.

මගේ නම [නම]. පදිංචි ස්ථානය [ලිපිනය]. වසර ගණනාවක් [ගම/නගරය] පදිංචිව සිට දැනට තමන්ට අයිති ස්ථානයේ පදිංචිව සිටිමි.

මම මියගිය [නම] මහතා යන අය [දිනය] දී ආගමානුකූලව විවාහ කර ගත්තෙමි. එවක ඔහු [ලිපිනය] සහකාර ප්‍රාදේශීය ලේකම් කොට්ඨාසයේ ග්‍රාම සේවා නිලධාරියකු වශයෙන් රාජකාරි කරමින් සිටියේය. පසුව [දිනය] දින ලියාපදිංචි විවාහය කර ගත්තෙමු.

මට දරුවන් දෙදෙනකුද සිටිති. පසුව රටේ ඇති වූ අසාමාන්‍ය පරිසරය නිසා රැකියාව අතහැර [ගම/නගරය] ගොස් පසුව විදේශගත විය. පසුව එහිදී රෝගාතුර වීම නිසා [දිනය] මිය ගියේය.

මම වෙනත් විවාහයක් කර නැත. මගේ ස්වාමිපුරුෂයාගේ වැන්දඹු හා අනත්දරු විශ්‍රාම වැටුප ලබා ගැනීම සඳහා [ආයතනයේ නම] ගොස් මගේ ඉල්ලීම භාර දුනිමි. මගේ දුව විවාහ වී සිටී. පුතා ස්ථිර රැකියාවක් නොමැතිව සිටී.

එනිසා මගේ ජීවිකාව ගෙනයාමට සහනයක් වශයෙන් මෙම විශ්‍රාම වැටුප ලබා දෙන ලෙස කාරුණිකව ඉල්ලා සිටිමි.

[නම] ගේ අත්සන

ඉහත [නම] යන අය [දිනය] දිනයේදී කාර්යාලයට පැමිණ අප ඉදිරියේදී ඉහත තොරතුරු ලබා දුන්නාය.

[යවන්නාගේ නම],
සහකාර ප්‍රාදේශීය ලේකම්,
ප්‍රාදේශීය ලේකම් වෙනුවට."
APP027,application,formal,si,චක්‍රීය ණය ක්‍රමය යටතේ කිරි ගවයෙකු ලබා ගැනීමට ඉල්ලුම් කිරීම,"ප්‍රාදේශීය ලේකම්,
[ආයතනයේ නම],
[ලිපිනය].

පශු සම්පත් ව්‍යාපෘතිය - චක්‍රීය ණය ක්‍රමය යටතේ කිරි ගවයෙකු ලබා ගැනීම

උක්ත නම සඳහන් මම, [ආයතනයේ නම] චක්‍රීය ණය ක්‍රමය යටතේ කිරි ගවයෙකු මිලදී ගැනීම සඳහා [මුදල] මුදලක් ලබා ගන්නා අතර ඉතිරි මුදල මා විසින් ගෙවන බවත්, මිලදී ගැනීමෙන් පසුව දින 07ක් ඇතුළත කිරි ගවයා පශු වෛද්‍ය කාර්යාලයේ රක්ෂණය කර රක්ෂණ සහතිකයක් ප්‍රාදේශීය ලේකම් කාර්යාලයට ලබා දෙන බවත්, ණය වාරික නියමිත ලෙස මාසිකව ගෙවන බවත් කාරුණිකව දන්වා සිටිමි.

මෙයට විශ්වාසී,
[යවන්නාගේ නම]"
INV027,invitation,formal,si,කොම්පෝස්ට් පොහොර නිෂ්පාදන ව්‍යාපෘතිය විවෘත කිරීමට ආරාධනා,"දිනය - [දිනය]

දිස්ත්‍රික් ලේකම් - [ලිපිනය]
අධ්‍යක්ෂ - [ආයතනයේ නම]
සහකාර අධ්‍යක්ෂ - [ආයතනයේ නම]
ගරු නගරාධිපති ඇතුළු සියලුම නාගරික මන්ත්‍රීවරු

[ආයතනයේ නම] මූල්‍යාධාර මත විස්තීරණය කරනු ලබන කොම්පෝස්ට් පොහොර නිෂ්පාදන ව්‍යාපෘතිය - විවෘත කිරීම. [දිනය] දින පෙ.ව. 9.30

[ආයතනයේ නම] මූල්‍යාධාර මත විස්තීරණය කරනු ලැබූ [ආයතනයේ නම] කොම්පෝස්ට් පොහොර නිෂ්පාදන ව්‍යාපෘතිය [දිනය] දින පෙ.ව. 9.30 ට විවෘත කිරීමට කටයුතු සංවිධානය කර ඇත.

මෙම විවෘත කිරීමේ අවස්ථාවට ඔබගේ සහභාගීත්වය ගෞරවයෙන් අපේක්ෂා කරමි.

නාගරික කොමසාරිස්,
[ලිපිනය]."
REQ027,request,formal,si,නිලධාරීන් සඳහා යතුරුපැදි ගාලක් ඉදිකිරීමට අවසර හා ප්‍රතිපාදන ඉල්ලීම,"[ආයතනයේ නම]

මගේ අංකය - [ලිපි අංකය]        දිනය - [දිනය]

යතුරුපැදි ගාලක් ඉදි කිරීම සඳහා අවසර හා ප්‍රතිපාදන ඉල්ලීම

අප ප්‍රාදේශීය ලේකම් කාර්යාලයේ නිලධාරීන් 160ට වැඩි සංඛ්‍යාවක් සේවයේ යෙදී සිටිති. ඔවුන් අතරින් 130ට වැඩි පිරිසක් යතුරුපැදිවල පැමිණෙති. එහෙත් මේ සියල්ලන් වෙනුවෙන් සාමාන්‍යයෙන් යතුරුපැදි 20ක් ගාල් කිරීමට පමණක් පහසුකම් ඇති රථ ගාලක් ඇත. එනිසා අනෙක් පුද්ගලයන් කාර්යාලය අවට ඇති ගස් යට, බිත්ති අසල හා කාර්යාලයෙන් පිටත ස්ථානවල තම යතුරුපැදි ගාල් කරති.

මෙවන් අවස්ථාවක නිලධාරීන්ගේ යතුරුපැදිවල ආරක්ෂාව තහවුරු කිරීම අපහසුය. තවද අව්ව හා වැස්ස නිසා යතුරුපැදිවලට හානි සිදුවීම නිසා නිලධාරීන්ට වැඩි වියදමක් දැරීමටද සිදු වේ. ගස් යට යතුරුපැදි ගාල් කිරීම හේතුවෙන් ගස්වල ලගින පක්ෂීන් හා සතුන්ගේ අපද්‍රව්‍ය නිසා දිනපතාම එම යතුරුපැදි සුද්ධ කිරීමට නිලධාරීන්ට සිදු වී ඇත.

එනිසා අලුතින් පාපැදි / යතුරුපැදි ගාලක් ඉදිකිරීමට අවසරය හා ඒ සඳහා [මුදල] ප්‍රතිපාදනද ලබාදෙන ලෙස කාරුණිකව ඉල්ලා සිටිමි.

ප්‍රාදේශීය ලේකම්,
[ලිපිනය]"
